drop table if exists t1, t2, t3, t4, t5, t6, t7;
CREATE TABLE t1(c1 TINYINT, c2 SMALLINT not null, c3 MEDIUMINT, c4 INT unsigned, c5 INT, c6 BIGINT, c7 BIGINT unsigned);
INSERT INTO t1 VALUES (1,1,1,1,1,1,1), (2,2,2,2,2,2,2);
INSERT INTO t1 VALUES (null, 5, null, null, null, null,null);
INSERT INTO t1 VALUES (3,3,3,3,3,3,3), (4,4,4,4,4,4,4);
INSERT INTO t1 VALUES (null, 7, null, null, null, null,null);
INSERT INTO t1 VALUES (8,8,127,255,8,8,8);
select * from t1;
c1	c2	c3	c4	c5	c6	c7
1	1	1	1	1	1	1
2	2	2	2	2	2	2
NULL	5	NULL	NULL	NULL	NULL	NULL
3	3	3	3	3	3	3
4	4	4	4	4	4	4
NULL	7	NULL	NULL	NULL	NULL	NULL
8	8	127	255	8	8	8
select * from t1 where c1 > 1;
c1	c2	c3	c4	c5	c6	c7
2	2	2	2	2	2	2
3	3	3	3	3	3	3
4	4	4	4	4	4	4
8	8	127	255	8	8	8
explain select * from t1 where c1 > 1;
id	select_type	table	partitions	type	possible_keys	key	key_len	ref	rows	filtered	Extra
1	SIMPLE	t1	NULL	ALL	NULL	NULL	NULL	NULL	3	33.33	Using where; Using pushed condition (`test`.`t1`.`c1` > 1)
select * from t1 where c2 < 7;
c1	c2	c3	c4	c5	c6	c7
1	1	1	1	1	1	1
2	2	2	2	2	2	2
NULL	5	NULL	NULL	NULL	NULL	NULL
3	3	3	3	3	3	3
4	4	4	4	4	4	4
explain select * from t1 where c2 < 7;
id	select_type	table	partitions	type	possible_keys	key	key_len	ref	rows	filtered	Extra
1	SIMPLE	t1	NULL	ALL	NULL	NULL	NULL	NULL	3	33.33	Using where; Using pushed condition (`test`.`t1`.`c2` < 7)
select * from t1 where c3 = 3;
c1	c2	c3	c4	c5	c6	c7
3	3	3	3	3	3	3
explain select * from t1 where c3 = 3;
id	select_type	table	partitions	type	possible_keys	key	key_len	ref	rows	filtered	Extra
1	SIMPLE	t1	NULL	ALL	NULL	NULL	NULL	NULL	3	33.33	Using where; Using pushed condition (`test`.`t1`.`c3` = 3)
select * from t1 where c4 >= 4;
c1	c2	c3	c4	c5	c6	c7
4	4	4	4	4	4	4
8	8	127	255	8	8	8
explain select * from t1 where c4 >= 4;
id	select_type	table	partitions	type	possible_keys	key	key_len	ref	rows	filtered	Extra
1	SIMPLE	t1	NULL	ALL	NULL	NULL	NULL	NULL	3	33.33	Using where; Using pushed condition (`test`.`t1`.`c4` >= 4)
select * from t1 where c5 <= 8;
c1	c2	c3	c4	c5	c6	c7
1	1	1	1	1	1	1
2	2	2	2	2	2	2
3	3	3	3	3	3	3
4	4	4	4	4	4	4
8	8	127	255	8	8	8
explain select * from t1 where c5 <= 8;
id	select_type	table	partitions	type	possible_keys	key	key_len	ref	rows	filtered	Extra
1	SIMPLE	t1	NULL	ALL	NULL	NULL	NULL	NULL	3	33.33	Using where; Using pushed condition (`test`.`t1`.`c5` <= 8)
select * from t1 where c6 != 2;
c1	c2	c3	c4	c5	c6	c7
1	1	1	1	1	1	1
3	3	3	3	3	3	3
4	4	4	4	4	4	4
8	8	127	255	8	8	8
explain select * from t1 where c6 != 2;
id	select_type	table	partitions	type	possible_keys	key	key_len	ref	rows	filtered	Extra
1	SIMPLE	t1	NULL	ALL	NULL	NULL	NULL	NULL	3	66.67	Using where; Using pushed condition (`test`.`t1`.`c6` <> 2)
select * from t1 where c5 <=> null;
c1	c2	c3	c4	c5	c6	c7
NULL	5	NULL	NULL	NULL	NULL	NULL
NULL	7	NULL	NULL	NULL	NULL	NULL
explain select * from t1 where c5 <=> null;
id	select_type	table	partitions	type	possible_keys	key	key_len	ref	rows	filtered	Extra
1	SIMPLE	t1	NULL	ALL	NULL	NULL	NULL	NULL	3	33.33	Using where; Using pushed condition (`test`.`t1`.`c5` <=> NULL)
select * from t1 where c1 = null;
c1	c2	c3	c4	c5	c6	c7
explain select * from t1 where c1 = null;
id	select_type	table	partitions	type	possible_keys	key	key_len	ref	rows	filtered	Extra
1	SIMPLE	t1	NULL	ALL	NULL	NULL	NULL	NULL	3	33.33	Using where; Using pushed condition (`test`.`t1`.`c1` = NULL)
select * from t1 where c7 = 8;
c1	c2	c3	c4	c5	c6	c7
8	8	127	255	8	8	8
explain select * from t1 where c7 = 8;
id	select_type	table	partitions	type	possible_keys	key	key_len	ref	rows	filtered	Extra
1	SIMPLE	t1	NULL	ALL	NULL	NULL	NULL	NULL	3	33.33	Using where; Using pushed condition (`test`.`t1`.`c7` = 8)
CREATE TABLE t2(c1 char(10), c2 varchar(20), c3 varchar(20) binary);
INSERT INTO t2 VALUES ('1234','abcd','abcd'), ('123','ABCD','ABCD'),('123456','aBcD','aBcD'),('23456','abCD','abCD'),('','',''),(null, null, null);
select * from t2;
c1	c2	c3
1234	abcd	abcd
123	ABCD	ABCD
123456	aBcD	aBcD
23456	abCD	abCD
		
NULL	NULL	NULL
select * from t2 where c1 like '%123%';
c1	c2	c3
1234	abcd	abcd
123	ABCD	ABCD
123456	aBcD	aBcD
explain select * from t2 where c1 like '%123%';
id	select_type	table	partitions	type	possible_keys	key	key_len	ref	rows	filtered	Extra
1	SIMPLE	t2	NULL	ALL	NULL	NULL	NULL	NULL	3	33.33	Using where; Using pushed condition (`test`.`t2`.`c1` like '%123%')
select * from t2 where c2 like '%abc%';
c1	c2	c3
1234	abcd	abcd
123	ABCD	ABCD
123456	aBcD	aBcD
23456	abCD	abCD
explain select * from t2 where c2 like '%abc%';
id	select_type	table	partitions	type	possible_keys	key	key_len	ref	rows	filtered	Extra
1	SIMPLE	t2	NULL	ALL	NULL	NULL	NULL	NULL	3	33.33	Using where; Using pushed condition (`test`.`t2`.`c2` like '%abc%')
select * from t2 where c1 is null;
c1	c2	c3
NULL	NULL	NULL
explain select * from t2 where c1 is null;
id	select_type	table	partitions	type	possible_keys	key	key_len	ref	rows	filtered	Extra
1	SIMPLE	t2	NULL	ALL	NULL	NULL	NULL	NULL	3	33.33	Using where; Using pushed condition (`test`.`t2`.`c1` is null)
select * from t2 where c2 is null;
c1	c2	c3
NULL	NULL	NULL
explain select * from t2 where c2 is null;
id	select_type	table	partitions	type	possible_keys	key	key_len	ref	rows	filtered	Extra
1	SIMPLE	t2	NULL	ALL	NULL	NULL	NULL	NULL	3	33.33	Using where; Using pushed condition (`test`.`t2`.`c2` is null)
select * from t2 where c1 is not null;
c1	c2	c3
1234	abcd	abcd
123	ABCD	ABCD
123456	aBcD	aBcD
23456	abCD	abCD
		
explain select * from t2 where c1 is not null;
id	select_type	table	partitions	type	possible_keys	key	key_len	ref	rows	filtered	Extra
1	SIMPLE	t2	NULL	ALL	NULL	NULL	NULL	NULL	3	66.67	Using where; Using pushed condition (`test`.`t2`.`c1` is not null)
select * from t2 where c2 is not null;
c1	c2	c3
1234	abcd	abcd
123	ABCD	ABCD
123456	aBcD	aBcD
23456	abCD	abCD
		
explain select * from t2 where c2 is not null;
id	select_type	table	partitions	type	possible_keys	key	key_len	ref	rows	filtered	Extra
1	SIMPLE	t2	NULL	ALL	NULL	NULL	NULL	NULL	3	66.67	Using where; Using pushed condition (`test`.`t2`.`c2` is not null)
select * from t2 where c3 like '%abc%';
c1	c2	c3
1234	abcd	abcd
explain select * from t2 where c3 like '%abc%';
id	select_type	table	partitions	type	possible_keys	key	key_len	ref	rows	filtered	Extra
1	SIMPLE	t2	NULL	ALL	NULL	NULL	NULL	NULL	3	33.33	Using where; Using pushed condition (`test`.`t2`.`c3` like '%abc%')
CREATE TABLE t3(c1 float , c2 float(6,3), c3 double, c4 double(6,3));
INSERT INTO t3 VALUES (1.1,11.11,1.1,11.11), (2.2,22.22,2.2,22.22), (3.3,33.33,3.3,33.33);
select * from t3;
c1	c2	c3	c4
1.1	11.110	1.1	11.110
2.2	22.220	2.2	22.220
3.3	33.330	3.3	33.330
select * from t3 where c1 = 1.1;
c1	c2	c3	c4
explain select * from t3 where c1 = 1.1;
id	select_type	table	partitions	type	possible_keys	key	key_len	ref	rows	filtered	Extra
1	SIMPLE	t3	NULL	ALL	NULL	NULL	NULL	NULL	3	33.33	Using where; Using pushed condition (`test`.`t3`.`c1` = 1.1)
select * from t3 where c2 > 1.1;
c1	c2	c3	c4
1.1	11.110	1.1	11.110
2.2	22.220	2.2	22.220
3.3	33.330	3.3	33.330
explain select * from t3 where c2 > 1.1;
id	select_type	table	partitions	type	possible_keys	key	key_len	ref	rows	filtered	Extra
1	SIMPLE	t3	NULL	ALL	NULL	NULL	NULL	NULL	3	33.33	Using where; Using pushed condition (`test`.`t3`.`c2` > 1.100000023841858)
select * from t3 where c3 < 3.3;
c1	c2	c3	c4
1.1	11.110	1.1	11.110
2.2	22.220	2.2	22.220
explain select * from t3 where c3 < 3.3;
id	select_type	table	partitions	type	possible_keys	key	key_len	ref	rows	filtered	Extra
1	SIMPLE	t3	NULL	ALL	NULL	NULL	NULL	NULL	3	33.33	Using where; Using pushed condition (`test`.`t3`.`c3` < 3.3)
select * from t3 where c4 >= 11.11;
c1	c2	c3	c4
1.1	11.110	1.1	11.110
2.2	22.220	2.2	22.220
3.3	33.330	3.3	33.330
explain select * from t3 where c4 >= 11.11;
id	select_type	table	partitions	type	possible_keys	key	key_len	ref	rows	filtered	Extra
1	SIMPLE	t3	NULL	ALL	NULL	NULL	NULL	NULL	3	33.33	Using where; Using pushed condition (`test`.`t3`.`c4` >= 11.11)
select * from t3 where c1 <= 3.3;
c1	c2	c3	c4
1.1	11.110	1.1	11.110
2.2	22.220	2.2	22.220
3.3	33.330	3.3	33.330
explain select * from t3 where c1 <= 3.3;
id	select_type	table	partitions	type	possible_keys	key	key_len	ref	rows	filtered	Extra
1	SIMPLE	t3	NULL	ALL	NULL	NULL	NULL	NULL	3	33.33	Using where; Using pushed condition (`test`.`t3`.`c1` <= 3.3)
select * from t3 where c2 != 22.22;
c1	c2	c3	c4
1.1	11.110	1.1	11.110
3.3	33.330	3.3	33.330
explain select * from t3 where c2 != 22.22;
id	select_type	table	partitions	type	possible_keys	key	key_len	ref	rows	filtered	Extra
1	SIMPLE	t3	NULL	ALL	NULL	NULL	NULL	NULL	3	66.67	Using where; Using pushed condition (`test`.`t3`.`c2` <> 22.219999313354492)
select * from t3 where c3 <=> 2.2;
c1	c2	c3	c4
2.2	22.220	2.2	22.220
explain select * from t3 where c3 <=> 2.2;
id	select_type	table	partitions	type	possible_keys	key	key_len	ref	rows	filtered	Extra
1	SIMPLE	t3	NULL	ALL	NULL	NULL	NULL	NULL	3	33.33	Using where; Using pushed condition (`test`.`t3`.`c3` <=> 2.2)
CREATE TABLE t4(c1 DECIMAL(10,5) UNSIGNED NOT NULL, c2 DECIMAL(10,5) SIGNED NULL, c3 DECIMAL);
INSERT INTO t4 VALUES ('11111.11111','11111.11111','1111111111'),('22222.22222','22222.22222','2222222222'),('33333.33333','33333.33333','3333333333');
select * from t4;
c1	c2	c3
11111.11111	11111.11111	1111111111
22222.22222	22222.22222	2222222222
33333.33333	33333.33333	3333333333
select * from t4 where c1 = '11111.11111';
c1	c2	c3
11111.11111	11111.11111	1111111111
explain select * from t4 where c1 = '11111.11111';
id	select_type	table	partitions	type	possible_keys	key	key_len	ref	rows	filtered	Extra
1	SIMPLE	t4	NULL	ALL	NULL	NULL	NULL	NULL	3	33.33	Using where; Using pushed condition (`test`.`t4`.`c1` = 11111.11111)
select * from t4 where c1 > '22222.22222';
c1	c2	c3
33333.33333	33333.33333	3333333333
explain select * from t4 where c1 > '22222.22222';
id	select_type	table	partitions	type	possible_keys	key	key_len	ref	rows	filtered	Extra
1	SIMPLE	t4	NULL	ALL	NULL	NULL	NULL	NULL	3	33.33	Using where; Using pushed condition (`test`.`t4`.`c1` > 22222.22222)
select * from t4 where c1 < '33333.33333';
c1	c2	c3
11111.11111	11111.11111	1111111111
22222.22222	22222.22222	2222222222
explain select * from t4 where c1 < '33333.33333';
id	select_type	table	partitions	type	possible_keys	key	key_len	ref	rows	filtered	Extra
1	SIMPLE	t4	NULL	ALL	NULL	NULL	NULL	NULL	3	33.33	Using where; Using pushed condition (`test`.`t4`.`c1` < 33333.33333)
select * from t4 where c2 >= '11111.11111';
c1	c2	c3
11111.11111	11111.11111	1111111111
22222.22222	22222.22222	2222222222
33333.33333	33333.33333	3333333333
explain select * from t4 where c2 >= '11111.11111';
id	select_type	table	partitions	type	possible_keys	key	key_len	ref	rows	filtered	Extra
1	SIMPLE	t4	NULL	ALL	NULL	NULL	NULL	NULL	3	33.33	Using where; Using pushed condition (`test`.`t4`.`c2` >= 11111.11111)
select * from t4 where c2 <= '22222.22222';
c1	c2	c3
11111.11111	11111.11111	1111111111
22222.22222	22222.22222	2222222222
explain select * from t4 where c2 <= '22222.22222';
id	select_type	table	partitions	type	possible_keys	key	key_len	ref	rows	filtered	Extra
1	SIMPLE	t4	NULL	ALL	NULL	NULL	NULL	NULL	3	33.33	Using where; Using pushed condition (`test`.`t4`.`c2` <= 22222.22222)
select * from t4 where c2 != '33333.33333';
c1	c2	c3
11111.11111	11111.11111	1111111111
22222.22222	22222.22222	2222222222
explain select * from t4 where c2 != '33333.33333';
id	select_type	table	partitions	type	possible_keys	key	key_len	ref	rows	filtered	Extra
1	SIMPLE	t4	NULL	ALL	NULL	NULL	NULL	NULL	3	66.67	Using where; Using pushed condition (`test`.`t4`.`c2` <> 33333.33333)
select * from t4 where c3 <=> '1111111111';
c1	c2	c3
11111.11111	11111.11111	1111111111
explain select * from t4 where c3 <=> '1111111111';
id	select_type	table	partitions	type	possible_keys	key	key_len	ref	rows	filtered	Extra
1	SIMPLE	t4	NULL	ALL	NULL	NULL	NULL	NULL	3	33.33	Using where; Using pushed condition (`test`.`t4`.`c3` <=> 1111111111)
CREATE TABLE t5(c1 year, c2 TIME, c3 DATE, c4 DATETIME, c5 TIMESTAMP);
INSERT INTO t5 VALUES (94, '1999-12-31 23:59:59', '2000-01-01', '2008-02-29 13:13:13', '2012-03-04 11:21:14');
INSERT INTO t5 VALUES (2014, '2001-12-31 23:59:59', '2004-01-01', '2007-01-29 13:13:13', '2014-03-04 11:21:14');
INSERT INTO t5 VALUES (2023, '2009-12-31 23:59:59', '2012-01-01', '2015-05-29 13:13:13', '2020-03-04 11:21:14');
select * from t5;
c1	c2	c3	c4	c5
1994	23:59:59	2000-01-01	2008-02-29 13:13:13	2012-03-04 11:21:14
2014	23:59:59	2004-01-01	2007-01-29 13:13:13	2014-03-04 11:21:14
2023	23:59:59	2012-01-01	2015-05-29 13:13:13	2020-03-04 11:21:14
select * from t5 where c1 = 1994;
c1	c2	c3	c4	c5
1994	23:59:59	2000-01-01	2008-02-29 13:13:13	2012-03-04 11:21:14
explain select * from t5 where c1 = 1994;
id	select_type	table	partitions	type	possible_keys	key	key_len	ref	rows	filtered	Extra
1	SIMPLE	t5	NULL	ALL	NULL	NULL	NULL	NULL	3	33.33	Using where; Using pushed condition (`test`.`t5`.`c1` = 1994)
select * from t5 where c2 > '23:59:50';
c1	c2	c3	c4	c5
1994	23:59:59	2000-01-01	2008-02-29 13:13:13	2012-03-04 11:21:14
2014	23:59:59	2004-01-01	2007-01-29 13:13:13	2014-03-04 11:21:14
2023	23:59:59	2012-01-01	2015-05-29 13:13:13	2020-03-04 11:21:14
explain select * from t5 where c2 > '23:59:50';
id	select_type	table	partitions	type	possible_keys	key	key_len	ref	rows	filtered	Extra
1	SIMPLE	t5	NULL	ALL	NULL	NULL	NULL	NULL	3	33.33	Using where
select * from t5 where c3 < '2012-01-01';
c1	c2	c3	c4	c5
1994	23:59:59	2000-01-01	2008-02-29 13:13:13	2012-03-04 11:21:14
2014	23:59:59	2004-01-01	2007-01-29 13:13:13	2014-03-04 11:21:14
explain select * from t5 where c3 < '2012-01-01';
id	select_type	table	partitions	type	possible_keys	key	key_len	ref	rows	filtered	Extra
1	SIMPLE	t5	NULL	ALL	NULL	NULL	NULL	NULL	3	33.33	Using where; Using pushed condition (`test`.`t5`.`c3` < DATE'2012-01-01')
select * from t5 where c4 >= '2008-02-29 13:13:13';
c1	c2	c3	c4	c5
1994	23:59:59	2000-01-01	2008-02-29 13:13:13	2012-03-04 11:21:14
2023	23:59:59	2012-01-01	2015-05-29 13:13:13	2020-03-04 11:21:14
explain select * from t5 where c4 >= '2008-02-29 13:13:13';
id	select_type	table	partitions	type	possible_keys	key	key_len	ref	rows	filtered	Extra
1	SIMPLE	t5	NULL	ALL	NULL	NULL	NULL	NULL	3	33.33	Using where; Using pushed condition (`test`.`t5`.`c4` >= TIMESTAMP'2008-02-29 13:13:13')
select * from t5 where c5 <=> '2020-03-04 11:21:14';
c1	c2	c3	c4	c5
2023	23:59:59	2012-01-01	2015-05-29 13:13:13	2020-03-04 11:21:14
explain select * from t5 where c5 <=> '2020-03-04 11:21:14';
id	select_type	table	partitions	type	possible_keys	key	key_len	ref	rows	filtered	Extra
1	SIMPLE	t5	NULL	ALL	NULL	NULL	NULL	NULL	3	33.33	Using where; Using pushed condition (`test`.`t5`.`c5` <=> TIMESTAMP'2020-03-04 11:21:14')
CREATE TABLE t6(x VARCHAR(10), gc INTEGER GENERATED ALWAYS AS (x LIKE 'abba' ESCAPE 'b'), y INTEGER, gc_1 INTEGER GENERATED ALWAYS AS (y + 1), z varchar(20));
insert into t6 values('abba', default, 1, default, 'aasf');
insert into t6 values('aba', default, 2, default, 'afgc');
insert into t6 values('bbba', default, 4, default, 'test');
select * from t6;
x	gc	y	gc_1	z
abba	0	1	2	aasf
aba	1	2	3	afgc
bbba	0	4	5	test
explain select * from t6 where gc <> 0;
id	select_type	table	partitions	type	possible_keys	key	key_len	ref	rows	filtered	Extra
1	SIMPLE	t6	NULL	ALL	NULL	NULL	NULL	NULL	3	66.67	Using where
select * from t6 where x = 'abba';
x	gc	y	gc_1	z
abba	0	1	2	aasf
explain select * from t6 where x = 'abba';
id	select_type	table	partitions	type	possible_keys	key	key_len	ref	rows	filtered	Extra
1	SIMPLE	t6	NULL	ALL	NULL	NULL	NULL	NULL	3	33.33	Using where; Using pushed condition (`test`.`t6`.`x` = 'abba')
select * from t6 where y = 2;
x	gc	y	gc_1	z
aba	1	2	3	afgc
explain select * from t6 where y = 2;
id	select_type	table	partitions	type	possible_keys	key	key_len	ref	rows	filtered	Extra
1	SIMPLE	t6	NULL	ALL	NULL	NULL	NULL	NULL	3	33.33	Using where; Using pushed condition (`test`.`t6`.`y` = 2)
select * from t6 where z = 'test';
x	gc	y	gc_1	z
bbba	0	4	5	test
explain select * from t6 where z = 'test';
id	select_type	table	partitions	type	possible_keys	key	key_len	ref	rows	filtered	Extra
1	SIMPLE	t6	NULL	ALL	NULL	NULL	NULL	NULL	3	33.33	Using where; Using pushed condition (`test`.`t6`.`z` = 'test')
CREATE TABLE t7(c1 TINYINT, c2 SMALLINT not null, c3 MEDIUMINT, c4 INT);
insert into t7 values(-1, -5, -7, -9);
insert into t7 values(-11, -15, -17, -19);
insert into t7 values(-21, -25, -27, -29);
insert into t7 values(-31, -35, -37, -39);
select * from t7 where c1 < -10;
c1	c2	c3	c4
-11	-15	-17	-19
-21	-25	-27	-29
-31	-35	-37	-39
explain select * from t7 where c1 < -10;
id	select_type	table	partitions	type	possible_keys	key	key_len	ref	rows	filtered	Extra
1	SIMPLE	t7	NULL	ALL	NULL	NULL	NULL	NULL	3	33.33	Using where; Using pushed condition (`test`.`t7`.`c1` < <cache>(-(10)))
select * from t7 where c2 >= -15;
c1	c2	c3	c4
-1	-5	-7	-9
-11	-15	-17	-19
explain select * from t7 where c2 >= -15;
id	select_type	table	partitions	type	possible_keys	key	key_len	ref	rows	filtered	Extra
1	SIMPLE	t7	NULL	ALL	NULL	NULL	NULL	NULL	3	33.33	Using where; Using pushed condition (`test`.`t7`.`c2` >= <cache>(-(15)))
select * from t7 where c3 = -27;
c1	c2	c3	c4
-21	-25	-27	-29
explain select * from t7 where c3 = -27;
id	select_type	table	partitions	type	possible_keys	key	key_len	ref	rows	filtered	Extra
1	SIMPLE	t7	NULL	ALL	NULL	NULL	NULL	NULL	3	33.33	Using where; Using pushed condition (`test`.`t7`.`c3` = <cache>(-(27)))
select * from t7 where c4 != -39;
c1	c2	c3	c4
-1	-5	-7	-9
-11	-15	-17	-19
-21	-25	-27	-29
explain select * from t7 where c4 != -39;
id	select_type	table	partitions	type	possible_keys	key	key_len	ref	rows	filtered	Extra
1	SIMPLE	t7	NULL	ALL	NULL	NULL	NULL	NULL	3	66.67	Using where; Using pushed condition (`test`.`t7`.`c4` <> <cache>(-(39)))
drop table t1, t2, t3, t4, t5, t6, t7;
CREATE TABLE t1(c1 tinyint, c2 tinyint not null, c3 tinyint signed, c4 tinyint unsigned, c5 int, c6 long, c7 bigint);
INSERT INTO t1 VALUES (1,1,1,1,1,1,1), (2,2,2,2,2,2,2);
INSERT INTO t1 VALUES (null, 5, null, null, null, null, null);
INSERT INTO t1 VALUES (3,3,3,3,3,3,3), (4,4,4,4,4,4,4);
INSERT INTO t1 VALUES (null, 7, null, null, null, null, null);
INSERT INTO t1 VALUES (8,8,127,255,8,8,8);
INSERT INTO t1 VALUES (6,6,6,6,6,6,6), (7,7,7,7,7,7,7);
INSERT INTO t1 VALUES (8,8,8,8,8,8,8), (6,2,3,9,8,4,1);
INSERT INTO t1 VALUES (-1, -2, -4, 8, -16, -32, -20);
explain select * from t1 where c1 % 2 = 0;
id	select_type	table	partitions	type	possible_keys	key	key_len	ref	rows	filtered	Extra
1	SIMPLE	t1	NULL	ALL	NULL	NULL	NULL	NULL	3	100.00	Using where; Using pushed condition ((`test`.`t1`.`c1` % 2) = 0)
Warnings:
Note	1003	/* select#1 */ select `test`.`t1`.`c1` AS `c1`,`test`.`t1`.`c2` AS `c2`,`test`.`t1`.`c3` AS `c3`,`test`.`t1`.`c4` AS `c4`,`test`.`t1`.`c5` AS `c5`,`test`.`t1`.`c6` AS `c6`,`test`.`t1`.`c7` AS `c7` from `test`.`t1` where ((`test`.`t1`.`c1` % 2) = 0)
explain select * from t1 where c2 % 2 = 0;
id	select_type	table	partitions	type	possible_keys	key	key_len	ref	rows	filtered	Extra
1	SIMPLE	t1	NULL	ALL	NULL	NULL	NULL	NULL	3	100.00	Using where; Using pushed condition ((`test`.`t1`.`c2` % 2) = 0)
Warnings:
Note	1003	/* select#1 */ select `test`.`t1`.`c1` AS `c1`,`test`.`t1`.`c2` AS `c2`,`test`.`t1`.`c3` AS `c3`,`test`.`t1`.`c4` AS `c4`,`test`.`t1`.`c5` AS `c5`,`test`.`t1`.`c6` AS `c6`,`test`.`t1`.`c7` AS `c7` from `test`.`t1` where ((`test`.`t1`.`c2` % 2) = 0)
explain select * from t1 where c3 % 2 = 0;
id	select_type	table	partitions	type	possible_keys	key	key_len	ref	rows	filtered	Extra
1	SIMPLE	t1	NULL	ALL	NULL	NULL	NULL	NULL	3	100.00	Using where; Using pushed condition ((`test`.`t1`.`c3` % 2) = 0)
Warnings:
Note	1003	/* select#1 */ select `test`.`t1`.`c1` AS `c1`,`test`.`t1`.`c2` AS `c2`,`test`.`t1`.`c3` AS `c3`,`test`.`t1`.`c4` AS `c4`,`test`.`t1`.`c5` AS `c5`,`test`.`t1`.`c6` AS `c6`,`test`.`t1`.`c7` AS `c7` from `test`.`t1` where ((`test`.`t1`.`c3` % 2) = 0)
explain select * from t1 where c4 % 2 = 0;
id	select_type	table	partitions	type	possible_keys	key	key_len	ref	rows	filtered	Extra
1	SIMPLE	t1	NULL	ALL	NULL	NULL	NULL	NULL	3	100.00	Using where; Using pushed condition ((`test`.`t1`.`c4` % 2) = 0)
Warnings:
Note	1003	/* select#1 */ select `test`.`t1`.`c1` AS `c1`,`test`.`t1`.`c2` AS `c2`,`test`.`t1`.`c3` AS `c3`,`test`.`t1`.`c4` AS `c4`,`test`.`t1`.`c5` AS `c5`,`test`.`t1`.`c6` AS `c6`,`test`.`t1`.`c7` AS `c7` from `test`.`t1` where ((`test`.`t1`.`c4` % 2) = 0)
explain select * from t1 where c5 % 2 = 0;
id	select_type	table	partitions	type	possible_keys	key	key_len	ref	rows	filtered	Extra
1	SIMPLE	t1	NULL	ALL	NULL	NULL	NULL	NULL	3	100.00	Using where; Using pushed condition ((`test`.`t1`.`c5` % 2) = 0)
Warnings:
Note	1003	/* select#1 */ select `test`.`t1`.`c1` AS `c1`,`test`.`t1`.`c2` AS `c2`,`test`.`t1`.`c3` AS `c3`,`test`.`t1`.`c4` AS `c4`,`test`.`t1`.`c5` AS `c5`,`test`.`t1`.`c6` AS `c6`,`test`.`t1`.`c7` AS `c7` from `test`.`t1` where ((`test`.`t1`.`c5` % 2) = 0)
explain select * from t1 where c6 % 2 = 0;
id	select_type	table	partitions	type	possible_keys	key	key_len	ref	rows	filtered	Extra
1	SIMPLE	t1	NULL	ALL	NULL	NULL	NULL	NULL	3	100.00	Using where
Warnings:
Note	1003	/* select#1 */ select `test`.`t1`.`c1` AS `c1`,`test`.`t1`.`c2` AS `c2`,`test`.`t1`.`c3` AS `c3`,`test`.`t1`.`c4` AS `c4`,`test`.`t1`.`c5` AS `c5`,`test`.`t1`.`c6` AS `c6`,`test`.`t1`.`c7` AS `c7` from `test`.`t1` where ((`test`.`t1`.`c6` % 2) = 0)
explain select * from t1 where c7 % 2 = 0;
id	select_type	table	partitions	type	possible_keys	key	key_len	ref	rows	filtered	Extra
1	SIMPLE	t1	NULL	ALL	NULL	NULL	NULL	NULL	3	100.00	Using where; Using pushed condition ((`test`.`t1`.`c7` % 2) = 0)
Warnings:
Note	1003	/* select#1 */ select `test`.`t1`.`c1` AS `c1`,`test`.`t1`.`c2` AS `c2`,`test`.`t1`.`c3` AS `c3`,`test`.`t1`.`c4` AS `c4`,`test`.`t1`.`c5` AS `c5`,`test`.`t1`.`c6` AS `c6`,`test`.`t1`.`c7` AS `c7` from `test`.`t1` where ((`test`.`t1`.`c7` % 2) = 0)
explain select * from t1 where 2 % c1 = 0;
id	select_type	table	partitions	type	possible_keys	key	key_len	ref	rows	filtered	Extra
1	SIMPLE	t1	NULL	ALL	NULL	NULL	NULL	NULL	3	100.00	Using where; Using pushed condition ((2 % `test`.`t1`.`c1`) = 0)
Warnings:
Note	1003	/* select#1 */ select `test`.`t1`.`c1` AS `c1`,`test`.`t1`.`c2` AS `c2`,`test`.`t1`.`c3` AS `c3`,`test`.`t1`.`c4` AS `c4`,`test`.`t1`.`c5` AS `c5`,`test`.`t1`.`c6` AS `c6`,`test`.`t1`.`c7` AS `c7` from `test`.`t1` where ((2 % `test`.`t1`.`c1`) = 0)
explain select * from t1 where 2 % c2 = 0;
id	select_type	table	partitions	type	possible_keys	key	key_len	ref	rows	filtered	Extra
1	SIMPLE	t1	NULL	ALL	NULL	NULL	NULL	NULL	3	100.00	Using where; Using pushed condition ((2 % `test`.`t1`.`c2`) = 0)
Warnings:
Note	1003	/* select#1 */ select `test`.`t1`.`c1` AS `c1`,`test`.`t1`.`c2` AS `c2`,`test`.`t1`.`c3` AS `c3`,`test`.`t1`.`c4` AS `c4`,`test`.`t1`.`c5` AS `c5`,`test`.`t1`.`c6` AS `c6`,`test`.`t1`.`c7` AS `c7` from `test`.`t1` where ((2 % `test`.`t1`.`c2`) = 0)
explain select * from t1 where 2 % c3 = 0;
id	select_type	table	partitions	type	possible_keys	key	key_len	ref	rows	filtered	Extra
1	SIMPLE	t1	NULL	ALL	NULL	NULL	NULL	NULL	3	100.00	Using where; Using pushed condition ((2 % `test`.`t1`.`c3`) = 0)
Warnings:
Note	1003	/* select#1 */ select `test`.`t1`.`c1` AS `c1`,`test`.`t1`.`c2` AS `c2`,`test`.`t1`.`c3` AS `c3`,`test`.`t1`.`c4` AS `c4`,`test`.`t1`.`c5` AS `c5`,`test`.`t1`.`c6` AS `c6`,`test`.`t1`.`c7` AS `c7` from `test`.`t1` where ((2 % `test`.`t1`.`c3`) = 0)
explain select * from t1 where 2 % c4 = 0;
id	select_type	table	partitions	type	possible_keys	key	key_len	ref	rows	filtered	Extra
1	SIMPLE	t1	NULL	ALL	NULL	NULL	NULL	NULL	3	100.00	Using where; Using pushed condition ((2 % `test`.`t1`.`c4`) = 0)
Warnings:
Note	1003	/* select#1 */ select `test`.`t1`.`c1` AS `c1`,`test`.`t1`.`c2` AS `c2`,`test`.`t1`.`c3` AS `c3`,`test`.`t1`.`c4` AS `c4`,`test`.`t1`.`c5` AS `c5`,`test`.`t1`.`c6` AS `c6`,`test`.`t1`.`c7` AS `c7` from `test`.`t1` where ((2 % `test`.`t1`.`c4`) = 0)
explain select * from t1 where 2 % c5 = 0;
id	select_type	table	partitions	type	possible_keys	key	key_len	ref	rows	filtered	Extra
1	SIMPLE	t1	NULL	ALL	NULL	NULL	NULL	NULL	3	100.00	Using where; Using pushed condition ((2 % `test`.`t1`.`c5`) = 0)
Warnings:
Note	1003	/* select#1 */ select `test`.`t1`.`c1` AS `c1`,`test`.`t1`.`c2` AS `c2`,`test`.`t1`.`c3` AS `c3`,`test`.`t1`.`c4` AS `c4`,`test`.`t1`.`c5` AS `c5`,`test`.`t1`.`c6` AS `c6`,`test`.`t1`.`c7` AS `c7` from `test`.`t1` where ((2 % `test`.`t1`.`c5`) = 0)
explain select * from t1 where 2 % c6 = 0;
id	select_type	table	partitions	type	possible_keys	key	key_len	ref	rows	filtered	Extra
1	SIMPLE	t1	NULL	ALL	NULL	NULL	NULL	NULL	3	100.00	Using where
Warnings:
Note	1003	/* select#1 */ select `test`.`t1`.`c1` AS `c1`,`test`.`t1`.`c2` AS `c2`,`test`.`t1`.`c3` AS `c3`,`test`.`t1`.`c4` AS `c4`,`test`.`t1`.`c5` AS `c5`,`test`.`t1`.`c6` AS `c6`,`test`.`t1`.`c7` AS `c7` from `test`.`t1` where ((2 % `test`.`t1`.`c6`) = 0)
explain select * from t1 where 2 % c7 = 0;
id	select_type	table	partitions	type	possible_keys	key	key_len	ref	rows	filtered	Extra
1	SIMPLE	t1	NULL	ALL	NULL	NULL	NULL	NULL	3	100.00	Using where; Using pushed condition ((2 % `test`.`t1`.`c7`) = 0)
Warnings:
Note	1003	/* select#1 */ select `test`.`t1`.`c1` AS `c1`,`test`.`t1`.`c2` AS `c2`,`test`.`t1`.`c3` AS `c3`,`test`.`t1`.`c4` AS `c4`,`test`.`t1`.`c5` AS `c5`,`test`.`t1`.`c6` AS `c6`,`test`.`t1`.`c7` AS `c7` from `test`.`t1` where ((2 % `test`.`t1`.`c7`) = 0)
explain select * from t1 where 3 % c1 = 0;
id	select_type	table	partitions	type	possible_keys	key	key_len	ref	rows	filtered	Extra
1	SIMPLE	t1	NULL	ALL	NULL	NULL	NULL	NULL	3	100.00	Using where; Using pushed condition ((3 % `test`.`t1`.`c1`) = 0)
Warnings:
Note	1003	/* select#1 */ select `test`.`t1`.`c1` AS `c1`,`test`.`t1`.`c2` AS `c2`,`test`.`t1`.`c3` AS `c3`,`test`.`t1`.`c4` AS `c4`,`test`.`t1`.`c5` AS `c5`,`test`.`t1`.`c6` AS `c6`,`test`.`t1`.`c7` AS `c7` from `test`.`t1` where ((3 % `test`.`t1`.`c1`) = 0)
explain select * from t1 where 3 % c2 = 0;
id	select_type	table	partitions	type	possible_keys	key	key_len	ref	rows	filtered	Extra
1	SIMPLE	t1	NULL	ALL	NULL	NULL	NULL	NULL	3	100.00	Using where; Using pushed condition ((3 % `test`.`t1`.`c2`) = 0)
Warnings:
Note	1003	/* select#1 */ select `test`.`t1`.`c1` AS `c1`,`test`.`t1`.`c2` AS `c2`,`test`.`t1`.`c3` AS `c3`,`test`.`t1`.`c4` AS `c4`,`test`.`t1`.`c5` AS `c5`,`test`.`t1`.`c6` AS `c6`,`test`.`t1`.`c7` AS `c7` from `test`.`t1` where ((3 % `test`.`t1`.`c2`) = 0)
explain select * from t1 where 3 % c3 = 0;
id	select_type	table	partitions	type	possible_keys	key	key_len	ref	rows	filtered	Extra
1	SIMPLE	t1	NULL	ALL	NULL	NULL	NULL	NULL	3	100.00	Using where; Using pushed condition ((3 % `test`.`t1`.`c3`) = 0)
Warnings:
Note	1003	/* select#1 */ select `test`.`t1`.`c1` AS `c1`,`test`.`t1`.`c2` AS `c2`,`test`.`t1`.`c3` AS `c3`,`test`.`t1`.`c4` AS `c4`,`test`.`t1`.`c5` AS `c5`,`test`.`t1`.`c6` AS `c6`,`test`.`t1`.`c7` AS `c7` from `test`.`t1` where ((3 % `test`.`t1`.`c3`) = 0)
explain select * from t1 where 3 % c4 = 0;
id	select_type	table	partitions	type	possible_keys	key	key_len	ref	rows	filtered	Extra
1	SIMPLE	t1	NULL	ALL	NULL	NULL	NULL	NULL	3	100.00	Using where; Using pushed condition ((3 % `test`.`t1`.`c4`) = 0)
Warnings:
Note	1003	/* select#1 */ select `test`.`t1`.`c1` AS `c1`,`test`.`t1`.`c2` AS `c2`,`test`.`t1`.`c3` AS `c3`,`test`.`t1`.`c4` AS `c4`,`test`.`t1`.`c5` AS `c5`,`test`.`t1`.`c6` AS `c6`,`test`.`t1`.`c7` AS `c7` from `test`.`t1` where ((3 % `test`.`t1`.`c4`) = 0)
explain select * from t1 where 3 % c5 = 0;
id	select_type	table	partitions	type	possible_keys	key	key_len	ref	rows	filtered	Extra
1	SIMPLE	t1	NULL	ALL	NULL	NULL	NULL	NULL	3	100.00	Using where; Using pushed condition ((3 % `test`.`t1`.`c5`) = 0)
Warnings:
Note	1003	/* select#1 */ select `test`.`t1`.`c1` AS `c1`,`test`.`t1`.`c2` AS `c2`,`test`.`t1`.`c3` AS `c3`,`test`.`t1`.`c4` AS `c4`,`test`.`t1`.`c5` AS `c5`,`test`.`t1`.`c6` AS `c6`,`test`.`t1`.`c7` AS `c7` from `test`.`t1` where ((3 % `test`.`t1`.`c5`) = 0)
explain select * from t1 where 3 % c6 = 0;
id	select_type	table	partitions	type	possible_keys	key	key_len	ref	rows	filtered	Extra
1	SIMPLE	t1	NULL	ALL	NULL	NULL	NULL	NULL	3	100.00	Using where
Warnings:
Note	1003	/* select#1 */ select `test`.`t1`.`c1` AS `c1`,`test`.`t1`.`c2` AS `c2`,`test`.`t1`.`c3` AS `c3`,`test`.`t1`.`c4` AS `c4`,`test`.`t1`.`c5` AS `c5`,`test`.`t1`.`c6` AS `c6`,`test`.`t1`.`c7` AS `c7` from `test`.`t1` where ((3 % `test`.`t1`.`c6`) = 0)
explain select * from t1 where 3 % c7 = 0;
id	select_type	table	partitions	type	possible_keys	key	key_len	ref	rows	filtered	Extra
1	SIMPLE	t1	NULL	ALL	NULL	NULL	NULL	NULL	3	100.00	Using where; Using pushed condition ((3 % `test`.`t1`.`c7`) = 0)
Warnings:
Note	1003	/* select#1 */ select `test`.`t1`.`c1` AS `c1`,`test`.`t1`.`c2` AS `c2`,`test`.`t1`.`c3` AS `c3`,`test`.`t1`.`c4` AS `c4`,`test`.`t1`.`c5` AS `c5`,`test`.`t1`.`c6` AS `c6`,`test`.`t1`.`c7` AS `c7` from `test`.`t1` where ((3 % `test`.`t1`.`c7`) = 0)
explain select * from t1 where 3 % c1 = c1 % 3;
id	select_type	table	partitions	type	possible_keys	key	key_len	ref	rows	filtered	Extra
1	SIMPLE	t1	NULL	ALL	NULL	NULL	NULL	NULL	3	100.00	Using where; Using pushed condition ((3 % `test`.`t1`.`c1`) = (`test`.`t1`.`c1` % 3))
Warnings:
Note	1003	/* select#1 */ select `test`.`t1`.`c1` AS `c1`,`test`.`t1`.`c2` AS `c2`,`test`.`t1`.`c3` AS `c3`,`test`.`t1`.`c4` AS `c4`,`test`.`t1`.`c5` AS `c5`,`test`.`t1`.`c6` AS `c6`,`test`.`t1`.`c7` AS `c7` from `test`.`t1` where ((3 % `test`.`t1`.`c1`) = (`test`.`t1`.`c1` % 3))
explain select * from t1 where 9 % c2 = 3 % c2;
id	select_type	table	partitions	type	possible_keys	key	key_len	ref	rows	filtered	Extra
1	SIMPLE	t1	NULL	ALL	NULL	NULL	NULL	NULL	3	100.00	Using where; Using pushed condition ((9 % `test`.`t1`.`c2`) = (3 % `test`.`t1`.`c2`))
Warnings:
Note	1003	/* select#1 */ select `test`.`t1`.`c1` AS `c1`,`test`.`t1`.`c2` AS `c2`,`test`.`t1`.`c3` AS `c3`,`test`.`t1`.`c4` AS `c4`,`test`.`t1`.`c5` AS `c5`,`test`.`t1`.`c6` AS `c6`,`test`.`t1`.`c7` AS `c7` from `test`.`t1` where ((9 % `test`.`t1`.`c2`) = (3 % `test`.`t1`.`c2`))
explain select * from t1 where 3 % c3 = 2 / 3;
id	select_type	table	partitions	type	possible_keys	key	key_len	ref	rows	filtered	Extra
1	SIMPLE	t1	NULL	ALL	NULL	NULL	NULL	NULL	3	100.00	Using where
Warnings:
Note	1003	/* select#1 */ select `test`.`t1`.`c1` AS `c1`,`test`.`t1`.`c2` AS `c2`,`test`.`t1`.`c3` AS `c3`,`test`.`t1`.`c4` AS `c4`,`test`.`t1`.`c5` AS `c5`,`test`.`t1`.`c6` AS `c6`,`test`.`t1`.`c7` AS `c7` from `test`.`t1` where ((3 % `test`.`t1`.`c3`) = <cache>((2 / 3)))
explain select * from t1 where 3 % c4 = 1 * 2;
id	select_type	table	partitions	type	possible_keys	key	key_len	ref	rows	filtered	Extra
1	SIMPLE	t1	NULL	ALL	NULL	NULL	NULL	NULL	3	100.00	Using where; Using pushed condition ((3 % `test`.`t1`.`c4`) = <cache>((1 * 2)))
Warnings:
Note	1003	/* select#1 */ select `test`.`t1`.`c1` AS `c1`,`test`.`t1`.`c2` AS `c2`,`test`.`t1`.`c3` AS `c3`,`test`.`t1`.`c4` AS `c4`,`test`.`t1`.`c5` AS `c5`,`test`.`t1`.`c6` AS `c6`,`test`.`t1`.`c7` AS `c7` from `test`.`t1` where ((3 % `test`.`t1`.`c4`) = <cache>((1 * 2)))
explain select * from t1 where 3 % c5 = c2 + c7;
id	select_type	table	partitions	type	possible_keys	key	key_len	ref	rows	filtered	Extra
1	SIMPLE	t1	NULL	ALL	NULL	NULL	NULL	NULL	3	100.00	Using where; Using pushed condition ((3 % `test`.`t1`.`c5`) = (`test`.`t1`.`c2` + `test`.`t1`.`c7`))
Warnings:
Note	1003	/* select#1 */ select `test`.`t1`.`c1` AS `c1`,`test`.`t1`.`c2` AS `c2`,`test`.`t1`.`c3` AS `c3`,`test`.`t1`.`c4` AS `c4`,`test`.`t1`.`c5` AS `c5`,`test`.`t1`.`c6` AS `c6`,`test`.`t1`.`c7` AS `c7` from `test`.`t1` where ((3 % `test`.`t1`.`c5`) = (`test`.`t1`.`c2` + `test`.`t1`.`c7`))
explain select * from t1 where 3 % c6 = 0;
id	select_type	table	partitions	type	possible_keys	key	key_len	ref	rows	filtered	Extra
1	SIMPLE	t1	NULL	ALL	NULL	NULL	NULL	NULL	3	100.00	Using where
Warnings:
Note	1003	/* select#1 */ select `test`.`t1`.`c1` AS `c1`,`test`.`t1`.`c2` AS `c2`,`test`.`t1`.`c3` AS `c3`,`test`.`t1`.`c4` AS `c4`,`test`.`t1`.`c5` AS `c5`,`test`.`t1`.`c6` AS `c6`,`test`.`t1`.`c7` AS `c7` from `test`.`t1` where ((3 % `test`.`t1`.`c6`) = 0)
explain select * from t1 where 3 % c7 = 0;
id	select_type	table	partitions	type	possible_keys	key	key_len	ref	rows	filtered	Extra
1	SIMPLE	t1	NULL	ALL	NULL	NULL	NULL	NULL	3	100.00	Using where; Using pushed condition ((3 % `test`.`t1`.`c7`) = 0)
Warnings:
Note	1003	/* select#1 */ select `test`.`t1`.`c1` AS `c1`,`test`.`t1`.`c2` AS `c2`,`test`.`t1`.`c3` AS `c3`,`test`.`t1`.`c4` AS `c4`,`test`.`t1`.`c5` AS `c5`,`test`.`t1`.`c6` AS `c6`,`test`.`t1`.`c7` AS `c7` from `test`.`t1` where ((3 % `test`.`t1`.`c7`) = 0)
explain select * from t1 where c1 / 2 = 1;
id	select_type	table	partitions	type	possible_keys	key	key_len	ref	rows	filtered	Extra
1	SIMPLE	t1	NULL	ALL	NULL	NULL	NULL	NULL	3	100.00	Using where; Using pushed condition ((`test`.`t1`.`c1` / 2) = 1)
Warnings:
Note	1003	/* select#1 */ select `test`.`t1`.`c1` AS `c1`,`test`.`t1`.`c2` AS `c2`,`test`.`t1`.`c3` AS `c3`,`test`.`t1`.`c4` AS `c4`,`test`.`t1`.`c5` AS `c5`,`test`.`t1`.`c6` AS `c6`,`test`.`t1`.`c7` AS `c7` from `test`.`t1` where ((`test`.`t1`.`c1` / 2) = 1)
explain select * from t1 where c2 / 2 = 1;
id	select_type	table	partitions	type	possible_keys	key	key_len	ref	rows	filtered	Extra
1	SIMPLE	t1	NULL	ALL	NULL	NULL	NULL	NULL	3	100.00	Using where; Using pushed condition ((`test`.`t1`.`c2` / 2) = 1)
Warnings:
Note	1003	/* select#1 */ select `test`.`t1`.`c1` AS `c1`,`test`.`t1`.`c2` AS `c2`,`test`.`t1`.`c3` AS `c3`,`test`.`t1`.`c4` AS `c4`,`test`.`t1`.`c5` AS `c5`,`test`.`t1`.`c6` AS `c6`,`test`.`t1`.`c7` AS `c7` from `test`.`t1` where ((`test`.`t1`.`c2` / 2) = 1)
explain select * from t1 where c3 / 2 = 1;
id	select_type	table	partitions	type	possible_keys	key	key_len	ref	rows	filtered	Extra
1	SIMPLE	t1	NULL	ALL	NULL	NULL	NULL	NULL	3	100.00	Using where; Using pushed condition ((`test`.`t1`.`c3` / 2) = 1)
Warnings:
Note	1003	/* select#1 */ select `test`.`t1`.`c1` AS `c1`,`test`.`t1`.`c2` AS `c2`,`test`.`t1`.`c3` AS `c3`,`test`.`t1`.`c4` AS `c4`,`test`.`t1`.`c5` AS `c5`,`test`.`t1`.`c6` AS `c6`,`test`.`t1`.`c7` AS `c7` from `test`.`t1` where ((`test`.`t1`.`c3` / 2) = 1)
explain select * from t1 where c4 / 2 = 1;
id	select_type	table	partitions	type	possible_keys	key	key_len	ref	rows	filtered	Extra
1	SIMPLE	t1	NULL	ALL	NULL	NULL	NULL	NULL	3	100.00	Using where; Using pushed condition ((`test`.`t1`.`c4` / 2) = 1)
Warnings:
Note	1003	/* select#1 */ select `test`.`t1`.`c1` AS `c1`,`test`.`t1`.`c2` AS `c2`,`test`.`t1`.`c3` AS `c3`,`test`.`t1`.`c4` AS `c4`,`test`.`t1`.`c5` AS `c5`,`test`.`t1`.`c6` AS `c6`,`test`.`t1`.`c7` AS `c7` from `test`.`t1` where ((`test`.`t1`.`c4` / 2) = 1)
explain select * from t1 where c5 / 2 = 1;
id	select_type	table	partitions	type	possible_keys	key	key_len	ref	rows	filtered	Extra
1	SIMPLE	t1	NULL	ALL	NULL	NULL	NULL	NULL	3	100.00	Using where; Using pushed condition ((`test`.`t1`.`c5` / 2) = 1)
Warnings:
Note	1003	/* select#1 */ select `test`.`t1`.`c1` AS `c1`,`test`.`t1`.`c2` AS `c2`,`test`.`t1`.`c3` AS `c3`,`test`.`t1`.`c4` AS `c4`,`test`.`t1`.`c5` AS `c5`,`test`.`t1`.`c6` AS `c6`,`test`.`t1`.`c7` AS `c7` from `test`.`t1` where ((`test`.`t1`.`c5` / 2) = 1)
explain select * from t1 where c6 / 2 = 1;
id	select_type	table	partitions	type	possible_keys	key	key_len	ref	rows	filtered	Extra
1	SIMPLE	t1	NULL	ALL	NULL	NULL	NULL	NULL	3	100.00	Using where
Warnings:
Note	1003	/* select#1 */ select `test`.`t1`.`c1` AS `c1`,`test`.`t1`.`c2` AS `c2`,`test`.`t1`.`c3` AS `c3`,`test`.`t1`.`c4` AS `c4`,`test`.`t1`.`c5` AS `c5`,`test`.`t1`.`c6` AS `c6`,`test`.`t1`.`c7` AS `c7` from `test`.`t1` where ((`test`.`t1`.`c6` / 2) = 1)
explain select * from t1 where c7 / 2 = 1;
id	select_type	table	partitions	type	possible_keys	key	key_len	ref	rows	filtered	Extra
1	SIMPLE	t1	NULL	ALL	NULL	NULL	NULL	NULL	3	100.00	Using where; Using pushed condition ((`test`.`t1`.`c7` / 2) = 1)
Warnings:
Note	1003	/* select#1 */ select `test`.`t1`.`c1` AS `c1`,`test`.`t1`.`c2` AS `c2`,`test`.`t1`.`c3` AS `c3`,`test`.`t1`.`c4` AS `c4`,`test`.`t1`.`c5` AS `c5`,`test`.`t1`.`c6` AS `c6`,`test`.`t1`.`c7` AS `c7` from `test`.`t1` where ((`test`.`t1`.`c7` / 2) = 1)
explain select * from t1 where c1 / 0 = 1;
id	select_type	table	partitions	type	possible_keys	key	key_len	ref	rows	filtered	Extra
1	SIMPLE	t1	NULL	ALL	NULL	NULL	NULL	NULL	3	100.00	Using where; Using pushed condition ((`test`.`t1`.`c1` / 0) = 1)
Warnings:
Note	1003	/* select#1 */ select `test`.`t1`.`c1` AS `c1`,`test`.`t1`.`c2` AS `c2`,`test`.`t1`.`c3` AS `c3`,`test`.`t1`.`c4` AS `c4`,`test`.`t1`.`c5` AS `c5`,`test`.`t1`.`c6` AS `c6`,`test`.`t1`.`c7` AS `c7` from `test`.`t1` where ((`test`.`t1`.`c1` / 0) = 1)
explain select * from t1 where c2 / 0 = 1;
id	select_type	table	partitions	type	possible_keys	key	key_len	ref	rows	filtered	Extra
1	SIMPLE	t1	NULL	ALL	NULL	NULL	NULL	NULL	3	100.00	Using where; Using pushed condition ((`test`.`t1`.`c2` / 0) = 1)
Warnings:
Note	1003	/* select#1 */ select `test`.`t1`.`c1` AS `c1`,`test`.`t1`.`c2` AS `c2`,`test`.`t1`.`c3` AS `c3`,`test`.`t1`.`c4` AS `c4`,`test`.`t1`.`c5` AS `c5`,`test`.`t1`.`c6` AS `c6`,`test`.`t1`.`c7` AS `c7` from `test`.`t1` where ((`test`.`t1`.`c2` / 0) = 1)
explain select * from t1 where c3 / 0 = 1;
id	select_type	table	partitions	type	possible_keys	key	key_len	ref	rows	filtered	Extra
1	SIMPLE	t1	NULL	ALL	NULL	NULL	NULL	NULL	3	100.00	Using where; Using pushed condition ((`test`.`t1`.`c3` / 0) = 1)
Warnings:
Note	1003	/* select#1 */ select `test`.`t1`.`c1` AS `c1`,`test`.`t1`.`c2` AS `c2`,`test`.`t1`.`c3` AS `c3`,`test`.`t1`.`c4` AS `c4`,`test`.`t1`.`c5` AS `c5`,`test`.`t1`.`c6` AS `c6`,`test`.`t1`.`c7` AS `c7` from `test`.`t1` where ((`test`.`t1`.`c3` / 0) = 1)
explain select * from t1 where c4 / 0 = 1;
id	select_type	table	partitions	type	possible_keys	key	key_len	ref	rows	filtered	Extra
1	SIMPLE	t1	NULL	ALL	NULL	NULL	NULL	NULL	3	100.00	Using where; Using pushed condition ((`test`.`t1`.`c4` / 0) = 1)
Warnings:
Note	1003	/* select#1 */ select `test`.`t1`.`c1` AS `c1`,`test`.`t1`.`c2` AS `c2`,`test`.`t1`.`c3` AS `c3`,`test`.`t1`.`c4` AS `c4`,`test`.`t1`.`c5` AS `c5`,`test`.`t1`.`c6` AS `c6`,`test`.`t1`.`c7` AS `c7` from `test`.`t1` where ((`test`.`t1`.`c4` / 0) = 1)
explain select * from t1 where c5 / 0 = 1;
id	select_type	table	partitions	type	possible_keys	key	key_len	ref	rows	filtered	Extra
1	SIMPLE	t1	NULL	ALL	NULL	NULL	NULL	NULL	3	100.00	Using where; Using pushed condition ((`test`.`t1`.`c5` / 0) = 1)
Warnings:
Note	1003	/* select#1 */ select `test`.`t1`.`c1` AS `c1`,`test`.`t1`.`c2` AS `c2`,`test`.`t1`.`c3` AS `c3`,`test`.`t1`.`c4` AS `c4`,`test`.`t1`.`c5` AS `c5`,`test`.`t1`.`c6` AS `c6`,`test`.`t1`.`c7` AS `c7` from `test`.`t1` where ((`test`.`t1`.`c5` / 0) = 1)
explain select * from t1 where c6 / 0 = 1;
id	select_type	table	partitions	type	possible_keys	key	key_len	ref	rows	filtered	Extra
1	SIMPLE	t1	NULL	ALL	NULL	NULL	NULL	NULL	3	100.00	Using where
Warnings:
Note	1003	/* select#1 */ select `test`.`t1`.`c1` AS `c1`,`test`.`t1`.`c2` AS `c2`,`test`.`t1`.`c3` AS `c3`,`test`.`t1`.`c4` AS `c4`,`test`.`t1`.`c5` AS `c5`,`test`.`t1`.`c6` AS `c6`,`test`.`t1`.`c7` AS `c7` from `test`.`t1` where ((`test`.`t1`.`c6` / 0) = 1)
explain select * from t1 where c7 / 0 = 1;
id	select_type	table	partitions	type	possible_keys	key	key_len	ref	rows	filtered	Extra
1	SIMPLE	t1	NULL	ALL	NULL	NULL	NULL	NULL	3	100.00	Using where; Using pushed condition ((`test`.`t1`.`c7` / 0) = 1)
Warnings:
Note	1003	/* select#1 */ select `test`.`t1`.`c1` AS `c1`,`test`.`t1`.`c2` AS `c2`,`test`.`t1`.`c3` AS `c3`,`test`.`t1`.`c4` AS `c4`,`test`.`t1`.`c5` AS `c5`,`test`.`t1`.`c6` AS `c6`,`test`.`t1`.`c7` AS `c7` from `test`.`t1` where ((`test`.`t1`.`c7` / 0) = 1)
explain select * from t1 where 0 / c1 = 1;
id	select_type	table	partitions	type	possible_keys	key	key_len	ref	rows	filtered	Extra
1	SIMPLE	t1	NULL	ALL	NULL	NULL	NULL	NULL	3	100.00	Using where; Using pushed condition ((0 / `test`.`t1`.`c1`) = 1)
Warnings:
Note	1003	/* select#1 */ select `test`.`t1`.`c1` AS `c1`,`test`.`t1`.`c2` AS `c2`,`test`.`t1`.`c3` AS `c3`,`test`.`t1`.`c4` AS `c4`,`test`.`t1`.`c5` AS `c5`,`test`.`t1`.`c6` AS `c6`,`test`.`t1`.`c7` AS `c7` from `test`.`t1` where ((0 / `test`.`t1`.`c1`) = 1)
explain select * from t1 where 0 / c2 = 1;
id	select_type	table	partitions	type	possible_keys	key	key_len	ref	rows	filtered	Extra
1	SIMPLE	t1	NULL	ALL	NULL	NULL	NULL	NULL	3	100.00	Using where; Using pushed condition ((0 / `test`.`t1`.`c2`) = 1)
Warnings:
Note	1003	/* select#1 */ select `test`.`t1`.`c1` AS `c1`,`test`.`t1`.`c2` AS `c2`,`test`.`t1`.`c3` AS `c3`,`test`.`t1`.`c4` AS `c4`,`test`.`t1`.`c5` AS `c5`,`test`.`t1`.`c6` AS `c6`,`test`.`t1`.`c7` AS `c7` from `test`.`t1` where ((0 / `test`.`t1`.`c2`) = 1)
explain select * from t1 where 0 / c3 = 1;
id	select_type	table	partitions	type	possible_keys	key	key_len	ref	rows	filtered	Extra
1	SIMPLE	t1	NULL	ALL	NULL	NULL	NULL	NULL	3	100.00	Using where; Using pushed condition ((0 / `test`.`t1`.`c3`) = 1)
Warnings:
Note	1003	/* select#1 */ select `test`.`t1`.`c1` AS `c1`,`test`.`t1`.`c2` AS `c2`,`test`.`t1`.`c3` AS `c3`,`test`.`t1`.`c4` AS `c4`,`test`.`t1`.`c5` AS `c5`,`test`.`t1`.`c6` AS `c6`,`test`.`t1`.`c7` AS `c7` from `test`.`t1` where ((0 / `test`.`t1`.`c3`) = 1)
explain select * from t1 where 0 / c4 = 1;
id	select_type	table	partitions	type	possible_keys	key	key_len	ref	rows	filtered	Extra
1	SIMPLE	t1	NULL	ALL	NULL	NULL	NULL	NULL	3	100.00	Using where; Using pushed condition ((0 / `test`.`t1`.`c4`) = 1)
Warnings:
Note	1003	/* select#1 */ select `test`.`t1`.`c1` AS `c1`,`test`.`t1`.`c2` AS `c2`,`test`.`t1`.`c3` AS `c3`,`test`.`t1`.`c4` AS `c4`,`test`.`t1`.`c5` AS `c5`,`test`.`t1`.`c6` AS `c6`,`test`.`t1`.`c7` AS `c7` from `test`.`t1` where ((0 / `test`.`t1`.`c4`) = 1)
explain select * from t1 where 0 / c5 = 1;
id	select_type	table	partitions	type	possible_keys	key	key_len	ref	rows	filtered	Extra
1	SIMPLE	t1	NULL	ALL	NULL	NULL	NULL	NULL	3	100.00	Using where; Using pushed condition ((0 / `test`.`t1`.`c5`) = 1)
Warnings:
Note	1003	/* select#1 */ select `test`.`t1`.`c1` AS `c1`,`test`.`t1`.`c2` AS `c2`,`test`.`t1`.`c3` AS `c3`,`test`.`t1`.`c4` AS `c4`,`test`.`t1`.`c5` AS `c5`,`test`.`t1`.`c6` AS `c6`,`test`.`t1`.`c7` AS `c7` from `test`.`t1` where ((0 / `test`.`t1`.`c5`) = 1)
explain select * from t1 where 0 / c6 = 1;
id	select_type	table	partitions	type	possible_keys	key	key_len	ref	rows	filtered	Extra
1	SIMPLE	t1	NULL	ALL	NULL	NULL	NULL	NULL	3	100.00	Using where
Warnings:
Note	1003	/* select#1 */ select `test`.`t1`.`c1` AS `c1`,`test`.`t1`.`c2` AS `c2`,`test`.`t1`.`c3` AS `c3`,`test`.`t1`.`c4` AS `c4`,`test`.`t1`.`c5` AS `c5`,`test`.`t1`.`c6` AS `c6`,`test`.`t1`.`c7` AS `c7` from `test`.`t1` where ((0 / `test`.`t1`.`c6`) = 1)
explain select * from t1 where 0 / c7 = 1;
id	select_type	table	partitions	type	possible_keys	key	key_len	ref	rows	filtered	Extra
1	SIMPLE	t1	NULL	ALL	NULL	NULL	NULL	NULL	3	100.00	Using where; Using pushed condition ((0 / `test`.`t1`.`c7`) = 1)
Warnings:
Note	1003	/* select#1 */ select `test`.`t1`.`c1` AS `c1`,`test`.`t1`.`c2` AS `c2`,`test`.`t1`.`c3` AS `c3`,`test`.`t1`.`c4` AS `c4`,`test`.`t1`.`c5` AS `c5`,`test`.`t1`.`c6` AS `c6`,`test`.`t1`.`c7` AS `c7` from `test`.`t1` where ((0 / `test`.`t1`.`c7`) = 1)
explain select * from t1 where c1 / c2 = c3 * c7;
id	select_type	table	partitions	type	possible_keys	key	key_len	ref	rows	filtered	Extra
1	SIMPLE	t1	NULL	ALL	NULL	NULL	NULL	NULL	3	100.00	Using where; Using pushed condition ((`test`.`t1`.`c1` / `test`.`t1`.`c2`) = (`test`.`t1`.`c3` * `test`.`t1`.`c7`))
Warnings:
Note	1003	/* select#1 */ select `test`.`t1`.`c1` AS `c1`,`test`.`t1`.`c2` AS `c2`,`test`.`t1`.`c3` AS `c3`,`test`.`t1`.`c4` AS `c4`,`test`.`t1`.`c5` AS `c5`,`test`.`t1`.`c6` AS `c6`,`test`.`t1`.`c7` AS `c7` from `test`.`t1` where ((`test`.`t1`.`c1` / `test`.`t1`.`c2`) = (`test`.`t1`.`c3` * `test`.`t1`.`c7`))
explain select * from t1 where c1 / c2 = c3;
id	select_type	table	partitions	type	possible_keys	key	key_len	ref	rows	filtered	Extra
1	SIMPLE	t1	NULL	ALL	NULL	NULL	NULL	NULL	3	33.33	Using where; Using pushed condition ((`test`.`t1`.`c1` / `test`.`t1`.`c2`) = `test`.`t1`.`c3`)
Warnings:
Note	1003	/* select#1 */ select `test`.`t1`.`c1` AS `c1`,`test`.`t1`.`c2` AS `c2`,`test`.`t1`.`c3` AS `c3`,`test`.`t1`.`c4` AS `c4`,`test`.`t1`.`c5` AS `c5`,`test`.`t1`.`c6` AS `c6`,`test`.`t1`.`c7` AS `c7` from `test`.`t1` where ((`test`.`t1`.`c1` / `test`.`t1`.`c2`) = `test`.`t1`.`c3`)
INSERT INTO t1 VALUES (0,0,0,0,0,0,0);
explain select * from t1 where c1 / 0 = 1;
id	select_type	table	partitions	type	possible_keys	key	key_len	ref	rows	filtered	Extra
1	SIMPLE	t1	NULL	ALL	NULL	NULL	NULL	NULL	3	100.00	Using where; Using pushed condition ((`test`.`t1`.`c1` / 0) = 1)
Warnings:
Note	1003	/* select#1 */ select `test`.`t1`.`c1` AS `c1`,`test`.`t1`.`c2` AS `c2`,`test`.`t1`.`c3` AS `c3`,`test`.`t1`.`c4` AS `c4`,`test`.`t1`.`c5` AS `c5`,`test`.`t1`.`c6` AS `c6`,`test`.`t1`.`c7` AS `c7` from `test`.`t1` where ((`test`.`t1`.`c1` / 0) = 1)
explain select * from t1 where c2 / 0 = 1;
id	select_type	table	partitions	type	possible_keys	key	key_len	ref	rows	filtered	Extra
1	SIMPLE	t1	NULL	ALL	NULL	NULL	NULL	NULL	3	100.00	Using where; Using pushed condition ((`test`.`t1`.`c2` / 0) = 1)
Warnings:
Note	1003	/* select#1 */ select `test`.`t1`.`c1` AS `c1`,`test`.`t1`.`c2` AS `c2`,`test`.`t1`.`c3` AS `c3`,`test`.`t1`.`c4` AS `c4`,`test`.`t1`.`c5` AS `c5`,`test`.`t1`.`c6` AS `c6`,`test`.`t1`.`c7` AS `c7` from `test`.`t1` where ((`test`.`t1`.`c2` / 0) = 1)
explain select * from t1 where c3 / 0 = 1;
id	select_type	table	partitions	type	possible_keys	key	key_len	ref	rows	filtered	Extra
1	SIMPLE	t1	NULL	ALL	NULL	NULL	NULL	NULL	3	100.00	Using where; Using pushed condition ((`test`.`t1`.`c3` / 0) = 1)
Warnings:
Note	1003	/* select#1 */ select `test`.`t1`.`c1` AS `c1`,`test`.`t1`.`c2` AS `c2`,`test`.`t1`.`c3` AS `c3`,`test`.`t1`.`c4` AS `c4`,`test`.`t1`.`c5` AS `c5`,`test`.`t1`.`c6` AS `c6`,`test`.`t1`.`c7` AS `c7` from `test`.`t1` where ((`test`.`t1`.`c3` / 0) = 1)
explain select * from t1 where c4 / 0 = 1;
id	select_type	table	partitions	type	possible_keys	key	key_len	ref	rows	filtered	Extra
1	SIMPLE	t1	NULL	ALL	NULL	NULL	NULL	NULL	3	100.00	Using where; Using pushed condition ((`test`.`t1`.`c4` / 0) = 1)
Warnings:
Note	1003	/* select#1 */ select `test`.`t1`.`c1` AS `c1`,`test`.`t1`.`c2` AS `c2`,`test`.`t1`.`c3` AS `c3`,`test`.`t1`.`c4` AS `c4`,`test`.`t1`.`c5` AS `c5`,`test`.`t1`.`c6` AS `c6`,`test`.`t1`.`c7` AS `c7` from `test`.`t1` where ((`test`.`t1`.`c4` / 0) = 1)
explain select * from t1 where c5 / 0 = 1;
id	select_type	table	partitions	type	possible_keys	key	key_len	ref	rows	filtered	Extra
1	SIMPLE	t1	NULL	ALL	NULL	NULL	NULL	NULL	3	100.00	Using where; Using pushed condition ((`test`.`t1`.`c5` / 0) = 1)
Warnings:
Note	1003	/* select#1 */ select `test`.`t1`.`c1` AS `c1`,`test`.`t1`.`c2` AS `c2`,`test`.`t1`.`c3` AS `c3`,`test`.`t1`.`c4` AS `c4`,`test`.`t1`.`c5` AS `c5`,`test`.`t1`.`c6` AS `c6`,`test`.`t1`.`c7` AS `c7` from `test`.`t1` where ((`test`.`t1`.`c5` / 0) = 1)
explain select * from t1 where c6 / 0 = 1;
id	select_type	table	partitions	type	possible_keys	key	key_len	ref	rows	filtered	Extra
1	SIMPLE	t1	NULL	ALL	NULL	NULL	NULL	NULL	3	100.00	Using where
Warnings:
Note	1003	/* select#1 */ select `test`.`t1`.`c1` AS `c1`,`test`.`t1`.`c2` AS `c2`,`test`.`t1`.`c3` AS `c3`,`test`.`t1`.`c4` AS `c4`,`test`.`t1`.`c5` AS `c5`,`test`.`t1`.`c6` AS `c6`,`test`.`t1`.`c7` AS `c7` from `test`.`t1` where ((`test`.`t1`.`c6` / 0) = 1)
explain select * from t1 where c7 / 0 = 1;
id	select_type	table	partitions	type	possible_keys	key	key_len	ref	rows	filtered	Extra
1	SIMPLE	t1	NULL	ALL	NULL	NULL	NULL	NULL	3	100.00	Using where; Using pushed condition ((`test`.`t1`.`c7` / 0) = 1)
Warnings:
Note	1003	/* select#1 */ select `test`.`t1`.`c1` AS `c1`,`test`.`t1`.`c2` AS `c2`,`test`.`t1`.`c3` AS `c3`,`test`.`t1`.`c4` AS `c4`,`test`.`t1`.`c5` AS `c5`,`test`.`t1`.`c6` AS `c6`,`test`.`t1`.`c7` AS `c7` from `test`.`t1` where ((`test`.`t1`.`c7` / 0) = 1)
explain select * from t1 where 0 / c1 = 1;
id	select_type	table	partitions	type	possible_keys	key	key_len	ref	rows	filtered	Extra
1	SIMPLE	t1	NULL	ALL	NULL	NULL	NULL	NULL	3	100.00	Using where; Using pushed condition ((0 / `test`.`t1`.`c1`) = 1)
Warnings:
Note	1003	/* select#1 */ select `test`.`t1`.`c1` AS `c1`,`test`.`t1`.`c2` AS `c2`,`test`.`t1`.`c3` AS `c3`,`test`.`t1`.`c4` AS `c4`,`test`.`t1`.`c5` AS `c5`,`test`.`t1`.`c6` AS `c6`,`test`.`t1`.`c7` AS `c7` from `test`.`t1` where ((0 / `test`.`t1`.`c1`) = 1)
explain select * from t1 where 0 / c2 = 1;
id	select_type	table	partitions	type	possible_keys	key	key_len	ref	rows	filtered	Extra
1	SIMPLE	t1	NULL	ALL	NULL	NULL	NULL	NULL	3	100.00	Using where; Using pushed condition ((0 / `test`.`t1`.`c2`) = 1)
Warnings:
Note	1003	/* select#1 */ select `test`.`t1`.`c1` AS `c1`,`test`.`t1`.`c2` AS `c2`,`test`.`t1`.`c3` AS `c3`,`test`.`t1`.`c4` AS `c4`,`test`.`t1`.`c5` AS `c5`,`test`.`t1`.`c6` AS `c6`,`test`.`t1`.`c7` AS `c7` from `test`.`t1` where ((0 / `test`.`t1`.`c2`) = 1)
explain select * from t1 where 0 / c3 = 1;
id	select_type	table	partitions	type	possible_keys	key	key_len	ref	rows	filtered	Extra
1	SIMPLE	t1	NULL	ALL	NULL	NULL	NULL	NULL	3	100.00	Using where; Using pushed condition ((0 / `test`.`t1`.`c3`) = 1)
Warnings:
Note	1003	/* select#1 */ select `test`.`t1`.`c1` AS `c1`,`test`.`t1`.`c2` AS `c2`,`test`.`t1`.`c3` AS `c3`,`test`.`t1`.`c4` AS `c4`,`test`.`t1`.`c5` AS `c5`,`test`.`t1`.`c6` AS `c6`,`test`.`t1`.`c7` AS `c7` from `test`.`t1` where ((0 / `test`.`t1`.`c3`) = 1)
explain select * from t1 where 0 / c4 = 1;
id	select_type	table	partitions	type	possible_keys	key	key_len	ref	rows	filtered	Extra
1	SIMPLE	t1	NULL	ALL	NULL	NULL	NULL	NULL	3	100.00	Using where; Using pushed condition ((0 / `test`.`t1`.`c4`) = 1)
Warnings:
Note	1003	/* select#1 */ select `test`.`t1`.`c1` AS `c1`,`test`.`t1`.`c2` AS `c2`,`test`.`t1`.`c3` AS `c3`,`test`.`t1`.`c4` AS `c4`,`test`.`t1`.`c5` AS `c5`,`test`.`t1`.`c6` AS `c6`,`test`.`t1`.`c7` AS `c7` from `test`.`t1` where ((0 / `test`.`t1`.`c4`) = 1)
explain select * from t1 where 0 / c5 = 1;
id	select_type	table	partitions	type	possible_keys	key	key_len	ref	rows	filtered	Extra
1	SIMPLE	t1	NULL	ALL	NULL	NULL	NULL	NULL	3	100.00	Using where; Using pushed condition ((0 / `test`.`t1`.`c5`) = 1)
Warnings:
Note	1003	/* select#1 */ select `test`.`t1`.`c1` AS `c1`,`test`.`t1`.`c2` AS `c2`,`test`.`t1`.`c3` AS `c3`,`test`.`t1`.`c4` AS `c4`,`test`.`t1`.`c5` AS `c5`,`test`.`t1`.`c6` AS `c6`,`test`.`t1`.`c7` AS `c7` from `test`.`t1` where ((0 / `test`.`t1`.`c5`) = 1)
explain select * from t1 where 0 / c6 = 1;
id	select_type	table	partitions	type	possible_keys	key	key_len	ref	rows	filtered	Extra
1	SIMPLE	t1	NULL	ALL	NULL	NULL	NULL	NULL	3	100.00	Using where
Warnings:
Note	1003	/* select#1 */ select `test`.`t1`.`c1` AS `c1`,`test`.`t1`.`c2` AS `c2`,`test`.`t1`.`c3` AS `c3`,`test`.`t1`.`c4` AS `c4`,`test`.`t1`.`c5` AS `c5`,`test`.`t1`.`c6` AS `c6`,`test`.`t1`.`c7` AS `c7` from `test`.`t1` where ((0 / `test`.`t1`.`c6`) = 1)
explain select * from t1 where 0 / c7 = 1;
id	select_type	table	partitions	type	possible_keys	key	key_len	ref	rows	filtered	Extra
1	SIMPLE	t1	NULL	ALL	NULL	NULL	NULL	NULL	3	100.00	Using where; Using pushed condition ((0 / `test`.`t1`.`c7`) = 1)
Warnings:
Note	1003	/* select#1 */ select `test`.`t1`.`c1` AS `c1`,`test`.`t1`.`c2` AS `c2`,`test`.`t1`.`c3` AS `c3`,`test`.`t1`.`c4` AS `c4`,`test`.`t1`.`c5` AS `c5`,`test`.`t1`.`c6` AS `c6`,`test`.`t1`.`c7` AS `c7` from `test`.`t1` where ((0 / `test`.`t1`.`c7`) = 1)
explain select * from t1 where c1 * 2 = 1;
id	select_type	table	partitions	type	possible_keys	key	key_len	ref	rows	filtered	Extra
1	SIMPLE	t1	NULL	ALL	NULL	NULL	NULL	NULL	3	100.00	Using where; Using pushed condition ((`test`.`t1`.`c1` * 2) = 1)
Warnings:
Note	1003	/* select#1 */ select `test`.`t1`.`c1` AS `c1`,`test`.`t1`.`c2` AS `c2`,`test`.`t1`.`c3` AS `c3`,`test`.`t1`.`c4` AS `c4`,`test`.`t1`.`c5` AS `c5`,`test`.`t1`.`c6` AS `c6`,`test`.`t1`.`c7` AS `c7` from `test`.`t1` where ((`test`.`t1`.`c1` * 2) = 1)
explain select * from t1 where c2 * 2 = 1;
id	select_type	table	partitions	type	possible_keys	key	key_len	ref	rows	filtered	Extra
1	SIMPLE	t1	NULL	ALL	NULL	NULL	NULL	NULL	3	100.00	Using where; Using pushed condition ((`test`.`t1`.`c2` * 2) = 1)
Warnings:
Note	1003	/* select#1 */ select `test`.`t1`.`c1` AS `c1`,`test`.`t1`.`c2` AS `c2`,`test`.`t1`.`c3` AS `c3`,`test`.`t1`.`c4` AS `c4`,`test`.`t1`.`c5` AS `c5`,`test`.`t1`.`c6` AS `c6`,`test`.`t1`.`c7` AS `c7` from `test`.`t1` where ((`test`.`t1`.`c2` * 2) = 1)
explain select * from t1 where c3 * 2 = 1;
id	select_type	table	partitions	type	possible_keys	key	key_len	ref	rows	filtered	Extra
1	SIMPLE	t1	NULL	ALL	NULL	NULL	NULL	NULL	3	100.00	Using where; Using pushed condition ((`test`.`t1`.`c3` * 2) = 1)
Warnings:
Note	1003	/* select#1 */ select `test`.`t1`.`c1` AS `c1`,`test`.`t1`.`c2` AS `c2`,`test`.`t1`.`c3` AS `c3`,`test`.`t1`.`c4` AS `c4`,`test`.`t1`.`c5` AS `c5`,`test`.`t1`.`c6` AS `c6`,`test`.`t1`.`c7` AS `c7` from `test`.`t1` where ((`test`.`t1`.`c3` * 2) = 1)
explain select * from t1 where c4 * 2 = 1;
id	select_type	table	partitions	type	possible_keys	key	key_len	ref	rows	filtered	Extra
1	SIMPLE	t1	NULL	ALL	NULL	NULL	NULL	NULL	3	100.00	Using where; Using pushed condition ((`test`.`t1`.`c4` * 2) = 1)
Warnings:
Note	1003	/* select#1 */ select `test`.`t1`.`c1` AS `c1`,`test`.`t1`.`c2` AS `c2`,`test`.`t1`.`c3` AS `c3`,`test`.`t1`.`c4` AS `c4`,`test`.`t1`.`c5` AS `c5`,`test`.`t1`.`c6` AS `c6`,`test`.`t1`.`c7` AS `c7` from `test`.`t1` where ((`test`.`t1`.`c4` * 2) = 1)
explain select * from t1 where c5 * 2 = 1;
id	select_type	table	partitions	type	possible_keys	key	key_len	ref	rows	filtered	Extra
1	SIMPLE	t1	NULL	ALL	NULL	NULL	NULL	NULL	3	100.00	Using where; Using pushed condition ((`test`.`t1`.`c5` * 2) = 1)
Warnings:
Note	1003	/* select#1 */ select `test`.`t1`.`c1` AS `c1`,`test`.`t1`.`c2` AS `c2`,`test`.`t1`.`c3` AS `c3`,`test`.`t1`.`c4` AS `c4`,`test`.`t1`.`c5` AS `c5`,`test`.`t1`.`c6` AS `c6`,`test`.`t1`.`c7` AS `c7` from `test`.`t1` where ((`test`.`t1`.`c5` * 2) = 1)
explain select * from t1 where c6 * 2 = 1;
id	select_type	table	partitions	type	possible_keys	key	key_len	ref	rows	filtered	Extra
1	SIMPLE	t1	NULL	ALL	NULL	NULL	NULL	NULL	3	100.00	Using where
Warnings:
Note	1003	/* select#1 */ select `test`.`t1`.`c1` AS `c1`,`test`.`t1`.`c2` AS `c2`,`test`.`t1`.`c3` AS `c3`,`test`.`t1`.`c4` AS `c4`,`test`.`t1`.`c5` AS `c5`,`test`.`t1`.`c6` AS `c6`,`test`.`t1`.`c7` AS `c7` from `test`.`t1` where ((`test`.`t1`.`c6` * 2) = 1)
explain select * from t1 where c7 * 2 = 1;
id	select_type	table	partitions	type	possible_keys	key	key_len	ref	rows	filtered	Extra
1	SIMPLE	t1	NULL	ALL	NULL	NULL	NULL	NULL	3	100.00	Using where; Using pushed condition ((`test`.`t1`.`c7` * 2) = 1)
Warnings:
Note	1003	/* select#1 */ select `test`.`t1`.`c1` AS `c1`,`test`.`t1`.`c2` AS `c2`,`test`.`t1`.`c3` AS `c3`,`test`.`t1`.`c4` AS `c4`,`test`.`t1`.`c5` AS `c5`,`test`.`t1`.`c6` AS `c6`,`test`.`t1`.`c7` AS `c7` from `test`.`t1` where ((`test`.`t1`.`c7` * 2) = 1)
explain select * from t1 where 2 * c1 = 1;
id	select_type	table	partitions	type	possible_keys	key	key_len	ref	rows	filtered	Extra
1	SIMPLE	t1	NULL	ALL	NULL	NULL	NULL	NULL	3	100.00	Using where; Using pushed condition ((2 * `test`.`t1`.`c1`) = 1)
Warnings:
Note	1003	/* select#1 */ select `test`.`t1`.`c1` AS `c1`,`test`.`t1`.`c2` AS `c2`,`test`.`t1`.`c3` AS `c3`,`test`.`t1`.`c4` AS `c4`,`test`.`t1`.`c5` AS `c5`,`test`.`t1`.`c6` AS `c6`,`test`.`t1`.`c7` AS `c7` from `test`.`t1` where ((2 * `test`.`t1`.`c1`) = 1)
explain select * from t1 where 2 * c2 = 1;
id	select_type	table	partitions	type	possible_keys	key	key_len	ref	rows	filtered	Extra
1	SIMPLE	t1	NULL	ALL	NULL	NULL	NULL	NULL	3	100.00	Using where; Using pushed condition ((2 * `test`.`t1`.`c2`) = 1)
Warnings:
Note	1003	/* select#1 */ select `test`.`t1`.`c1` AS `c1`,`test`.`t1`.`c2` AS `c2`,`test`.`t1`.`c3` AS `c3`,`test`.`t1`.`c4` AS `c4`,`test`.`t1`.`c5` AS `c5`,`test`.`t1`.`c6` AS `c6`,`test`.`t1`.`c7` AS `c7` from `test`.`t1` where ((2 * `test`.`t1`.`c2`) = 1)
explain select * from t1 where 2 * c3 = 1;
id	select_type	table	partitions	type	possible_keys	key	key_len	ref	rows	filtered	Extra
1	SIMPLE	t1	NULL	ALL	NULL	NULL	NULL	NULL	3	100.00	Using where; Using pushed condition ((2 * `test`.`t1`.`c3`) = 1)
Warnings:
Note	1003	/* select#1 */ select `test`.`t1`.`c1` AS `c1`,`test`.`t1`.`c2` AS `c2`,`test`.`t1`.`c3` AS `c3`,`test`.`t1`.`c4` AS `c4`,`test`.`t1`.`c5` AS `c5`,`test`.`t1`.`c6` AS `c6`,`test`.`t1`.`c7` AS `c7` from `test`.`t1` where ((2 * `test`.`t1`.`c3`) = 1)
explain select * from t1 where 2 * c4 = 1;
id	select_type	table	partitions	type	possible_keys	key	key_len	ref	rows	filtered	Extra
1	SIMPLE	t1	NULL	ALL	NULL	NULL	NULL	NULL	3	100.00	Using where; Using pushed condition ((2 * `test`.`t1`.`c4`) = 1)
Warnings:
Note	1003	/* select#1 */ select `test`.`t1`.`c1` AS `c1`,`test`.`t1`.`c2` AS `c2`,`test`.`t1`.`c3` AS `c3`,`test`.`t1`.`c4` AS `c4`,`test`.`t1`.`c5` AS `c5`,`test`.`t1`.`c6` AS `c6`,`test`.`t1`.`c7` AS `c7` from `test`.`t1` where ((2 * `test`.`t1`.`c4`) = 1)
explain select * from t1 where 2 * c5 = 1;
id	select_type	table	partitions	type	possible_keys	key	key_len	ref	rows	filtered	Extra
1	SIMPLE	t1	NULL	ALL	NULL	NULL	NULL	NULL	3	100.00	Using where; Using pushed condition ((2 * `test`.`t1`.`c5`) = 1)
Warnings:
Note	1003	/* select#1 */ select `test`.`t1`.`c1` AS `c1`,`test`.`t1`.`c2` AS `c2`,`test`.`t1`.`c3` AS `c3`,`test`.`t1`.`c4` AS `c4`,`test`.`t1`.`c5` AS `c5`,`test`.`t1`.`c6` AS `c6`,`test`.`t1`.`c7` AS `c7` from `test`.`t1` where ((2 * `test`.`t1`.`c5`) = 1)
explain select * from t1 where 2 * c6 = 1;
id	select_type	table	partitions	type	possible_keys	key	key_len	ref	rows	filtered	Extra
1	SIMPLE	t1	NULL	ALL	NULL	NULL	NULL	NULL	3	100.00	Using where
Warnings:
Note	1003	/* select#1 */ select `test`.`t1`.`c1` AS `c1`,`test`.`t1`.`c2` AS `c2`,`test`.`t1`.`c3` AS `c3`,`test`.`t1`.`c4` AS `c4`,`test`.`t1`.`c5` AS `c5`,`test`.`t1`.`c6` AS `c6`,`test`.`t1`.`c7` AS `c7` from `test`.`t1` where ((2 * `test`.`t1`.`c6`) = 1)
explain select * from t1 where 2 * c7 = 1;
id	select_type	table	partitions	type	possible_keys	key	key_len	ref	rows	filtered	Extra
1	SIMPLE	t1	NULL	ALL	NULL	NULL	NULL	NULL	3	100.00	Using where; Using pushed condition ((2 * `test`.`t1`.`c7`) = 1)
Warnings:
Note	1003	/* select#1 */ select `test`.`t1`.`c1` AS `c1`,`test`.`t1`.`c2` AS `c2`,`test`.`t1`.`c3` AS `c3`,`test`.`t1`.`c4` AS `c4`,`test`.`t1`.`c5` AS `c5`,`test`.`t1`.`c6` AS `c6`,`test`.`t1`.`c7` AS `c7` from `test`.`t1` where ((2 * `test`.`t1`.`c7`) = 1)
explain select * from t1 where 2 * c1 = c1 * 2;
id	select_type	table	partitions	type	possible_keys	key	key_len	ref	rows	filtered	Extra
1	SIMPLE	t1	NULL	ALL	NULL	NULL	NULL	NULL	3	100.00	Using where; Using pushed condition ((2 * `test`.`t1`.`c1`) = (`test`.`t1`.`c1` * 2))
Warnings:
Note	1003	/* select#1 */ select `test`.`t1`.`c1` AS `c1`,`test`.`t1`.`c2` AS `c2`,`test`.`t1`.`c3` AS `c3`,`test`.`t1`.`c4` AS `c4`,`test`.`t1`.`c5` AS `c5`,`test`.`t1`.`c6` AS `c6`,`test`.`t1`.`c7` AS `c7` from `test`.`t1` where ((2 * `test`.`t1`.`c1`) = (`test`.`t1`.`c1` * 2))
explain select * from t1 where 2 * c2 = c2 * 2;
id	select_type	table	partitions	type	possible_keys	key	key_len	ref	rows	filtered	Extra
1	SIMPLE	t1	NULL	ALL	NULL	NULL	NULL	NULL	3	100.00	Using where; Using pushed condition ((2 * `test`.`t1`.`c2`) = (`test`.`t1`.`c2` * 2))
Warnings:
Note	1003	/* select#1 */ select `test`.`t1`.`c1` AS `c1`,`test`.`t1`.`c2` AS `c2`,`test`.`t1`.`c3` AS `c3`,`test`.`t1`.`c4` AS `c4`,`test`.`t1`.`c5` AS `c5`,`test`.`t1`.`c6` AS `c6`,`test`.`t1`.`c7` AS `c7` from `test`.`t1` where ((2 * `test`.`t1`.`c2`) = (`test`.`t1`.`c2` * 2))
explain select * from t1 where 2 * c3 = c3 * 2;
id	select_type	table	partitions	type	possible_keys	key	key_len	ref	rows	filtered	Extra
1	SIMPLE	t1	NULL	ALL	NULL	NULL	NULL	NULL	3	100.00	Using where; Using pushed condition ((2 * `test`.`t1`.`c3`) = (`test`.`t1`.`c3` * 2))
Warnings:
Note	1003	/* select#1 */ select `test`.`t1`.`c1` AS `c1`,`test`.`t1`.`c2` AS `c2`,`test`.`t1`.`c3` AS `c3`,`test`.`t1`.`c4` AS `c4`,`test`.`t1`.`c5` AS `c5`,`test`.`t1`.`c6` AS `c6`,`test`.`t1`.`c7` AS `c7` from `test`.`t1` where ((2 * `test`.`t1`.`c3`) = (`test`.`t1`.`c3` * 2))
explain select * from t1 where 2 * c4 = c4 * 2;
id	select_type	table	partitions	type	possible_keys	key	key_len	ref	rows	filtered	Extra
1	SIMPLE	t1	NULL	ALL	NULL	NULL	NULL	NULL	3	100.00	Using where; Using pushed condition ((2 * `test`.`t1`.`c4`) = (`test`.`t1`.`c4` * 2))
Warnings:
Note	1003	/* select#1 */ select `test`.`t1`.`c1` AS `c1`,`test`.`t1`.`c2` AS `c2`,`test`.`t1`.`c3` AS `c3`,`test`.`t1`.`c4` AS `c4`,`test`.`t1`.`c5` AS `c5`,`test`.`t1`.`c6` AS `c6`,`test`.`t1`.`c7` AS `c7` from `test`.`t1` where ((2 * `test`.`t1`.`c4`) = (`test`.`t1`.`c4` * 2))
explain select * from t1 where 2 * c5 = c5 * 2;
id	select_type	table	partitions	type	possible_keys	key	key_len	ref	rows	filtered	Extra
1	SIMPLE	t1	NULL	ALL	NULL	NULL	NULL	NULL	3	100.00	Using where; Using pushed condition ((2 * `test`.`t1`.`c5`) = (`test`.`t1`.`c5` * 2))
Warnings:
Note	1003	/* select#1 */ select `test`.`t1`.`c1` AS `c1`,`test`.`t1`.`c2` AS `c2`,`test`.`t1`.`c3` AS `c3`,`test`.`t1`.`c4` AS `c4`,`test`.`t1`.`c5` AS `c5`,`test`.`t1`.`c6` AS `c6`,`test`.`t1`.`c7` AS `c7` from `test`.`t1` where ((2 * `test`.`t1`.`c5`) = (`test`.`t1`.`c5` * 2))
explain select * from t1 where 2 * c6 = c6 * 2;
id	select_type	table	partitions	type	possible_keys	key	key_len	ref	rows	filtered	Extra
1	SIMPLE	t1	NULL	ALL	NULL	NULL	NULL	NULL	3	100.00	Using where
Warnings:
Note	1003	/* select#1 */ select `test`.`t1`.`c1` AS `c1`,`test`.`t1`.`c2` AS `c2`,`test`.`t1`.`c3` AS `c3`,`test`.`t1`.`c4` AS `c4`,`test`.`t1`.`c5` AS `c5`,`test`.`t1`.`c6` AS `c6`,`test`.`t1`.`c7` AS `c7` from `test`.`t1` where ((2 * `test`.`t1`.`c6`) = (`test`.`t1`.`c6` * 2))
explain select * from t1 where 2 * c7 = c7 * 2;
id	select_type	table	partitions	type	possible_keys	key	key_len	ref	rows	filtered	Extra
1	SIMPLE	t1	NULL	ALL	NULL	NULL	NULL	NULL	3	100.00	Using where; Using pushed condition ((2 * `test`.`t1`.`c7`) = (`test`.`t1`.`c7` * 2))
Warnings:
Note	1003	/* select#1 */ select `test`.`t1`.`c1` AS `c1`,`test`.`t1`.`c2` AS `c2`,`test`.`t1`.`c3` AS `c3`,`test`.`t1`.`c4` AS `c4`,`test`.`t1`.`c5` AS `c5`,`test`.`t1`.`c6` AS `c6`,`test`.`t1`.`c7` AS `c7` from `test`.`t1` where ((2 * `test`.`t1`.`c7`) = (`test`.`t1`.`c7` * 2))
explain select * from t1 where 2 * c1 = c1 * 2 * 1;
id	select_type	table	partitions	type	possible_keys	key	key_len	ref	rows	filtered	Extra
1	SIMPLE	t1	NULL	ALL	NULL	NULL	NULL	NULL	3	100.00	Using where; Using pushed condition ((2 * `test`.`t1`.`c1`) = ((`test`.`t1`.`c1` * 2) * 1))
Warnings:
Note	1003	/* select#1 */ select `test`.`t1`.`c1` AS `c1`,`test`.`t1`.`c2` AS `c2`,`test`.`t1`.`c3` AS `c3`,`test`.`t1`.`c4` AS `c4`,`test`.`t1`.`c5` AS `c5`,`test`.`t1`.`c6` AS `c6`,`test`.`t1`.`c7` AS `c7` from `test`.`t1` where ((2 * `test`.`t1`.`c1`) = ((`test`.`t1`.`c1` * 2) * 1))
explain select * from t1 where 2 * c2 = c2 * 2 / 1;
id	select_type	table	partitions	type	possible_keys	key	key_len	ref	rows	filtered	Extra
1	SIMPLE	t1	NULL	ALL	NULL	NULL	NULL	NULL	3	100.00	Using where; Using pushed condition ((2 * `test`.`t1`.`c2`) = ((`test`.`t1`.`c2` * 2) / 1))
Warnings:
Note	1003	/* select#1 */ select `test`.`t1`.`c1` AS `c1`,`test`.`t1`.`c2` AS `c2`,`test`.`t1`.`c3` AS `c3`,`test`.`t1`.`c4` AS `c4`,`test`.`t1`.`c5` AS `c5`,`test`.`t1`.`c6` AS `c6`,`test`.`t1`.`c7` AS `c7` from `test`.`t1` where ((2 * `test`.`t1`.`c2`) = ((`test`.`t1`.`c2` * 2) / 1))
explain select * from t1 where 2 * c3 = c3 * 2 / 2 * 2;
id	select_type	table	partitions	type	possible_keys	key	key_len	ref	rows	filtered	Extra
1	SIMPLE	t1	NULL	ALL	NULL	NULL	NULL	NULL	3	100.00	Using where; Using pushed condition ((2 * `test`.`t1`.`c3`) = (((`test`.`t1`.`c3` * 2) / 2) * 2))
Warnings:
Note	1003	/* select#1 */ select `test`.`t1`.`c1` AS `c1`,`test`.`t1`.`c2` AS `c2`,`test`.`t1`.`c3` AS `c3`,`test`.`t1`.`c4` AS `c4`,`test`.`t1`.`c5` AS `c5`,`test`.`t1`.`c6` AS `c6`,`test`.`t1`.`c7` AS `c7` from `test`.`t1` where ((2 * `test`.`t1`.`c3`) = (((`test`.`t1`.`c3` * 2) / 2) * 2))
explain select * from t1 where 2 * c4 = c4 * 2 / 3 * 3;
id	select_type	table	partitions	type	possible_keys	key	key_len	ref	rows	filtered	Extra
1	SIMPLE	t1	NULL	ALL	NULL	NULL	NULL	NULL	3	100.00	Using where; Using pushed condition ((2 * `test`.`t1`.`c4`) = (((`test`.`t1`.`c4` * 2) / 3) * 3))
Warnings:
Note	1003	/* select#1 */ select `test`.`t1`.`c1` AS `c1`,`test`.`t1`.`c2` AS `c2`,`test`.`t1`.`c3` AS `c3`,`test`.`t1`.`c4` AS `c4`,`test`.`t1`.`c5` AS `c5`,`test`.`t1`.`c6` AS `c6`,`test`.`t1`.`c7` AS `c7` from `test`.`t1` where ((2 * `test`.`t1`.`c4`) = (((`test`.`t1`.`c4` * 2) / 3) * 3))
explain select * from t1 where 2 * c5 = c5 * 2 / 3 * 2;
id	select_type	table	partitions	type	possible_keys	key	key_len	ref	rows	filtered	Extra
1	SIMPLE	t1	NULL	ALL	NULL	NULL	NULL	NULL	3	100.00	Using where; Using pushed condition ((2 * `test`.`t1`.`c5`) = (((`test`.`t1`.`c5` * 2) / 3) * 2))
Warnings:
Note	1003	/* select#1 */ select `test`.`t1`.`c1` AS `c1`,`test`.`t1`.`c2` AS `c2`,`test`.`t1`.`c3` AS `c3`,`test`.`t1`.`c4` AS `c4`,`test`.`t1`.`c5` AS `c5`,`test`.`t1`.`c6` AS `c6`,`test`.`t1`.`c7` AS `c7` from `test`.`t1` where ((2 * `test`.`t1`.`c5`) = (((`test`.`t1`.`c5` * 2) / 3) * 2))
explain select * from t1 where 2 * c6 = c6 * 2 / 4 * 2;
id	select_type	table	partitions	type	possible_keys	key	key_len	ref	rows	filtered	Extra
1	SIMPLE	t1	NULL	ALL	NULL	NULL	NULL	NULL	3	100.00	Using where
Warnings:
Note	1003	/* select#1 */ select `test`.`t1`.`c1` AS `c1`,`test`.`t1`.`c2` AS `c2`,`test`.`t1`.`c3` AS `c3`,`test`.`t1`.`c4` AS `c4`,`test`.`t1`.`c5` AS `c5`,`test`.`t1`.`c6` AS `c6`,`test`.`t1`.`c7` AS `c7` from `test`.`t1` where ((2 * `test`.`t1`.`c6`) = (((`test`.`t1`.`c6` * 2) / 4) * 2))
explain select * from t1 where 2 * c7 = c7 * 2;
id	select_type	table	partitions	type	possible_keys	key	key_len	ref	rows	filtered	Extra
1	SIMPLE	t1	NULL	ALL	NULL	NULL	NULL	NULL	3	100.00	Using where; Using pushed condition ((2 * `test`.`t1`.`c7`) = (`test`.`t1`.`c7` * 2))
Warnings:
Note	1003	/* select#1 */ select `test`.`t1`.`c1` AS `c1`,`test`.`t1`.`c2` AS `c2`,`test`.`t1`.`c3` AS `c3`,`test`.`t1`.`c4` AS `c4`,`test`.`t1`.`c5` AS `c5`,`test`.`t1`.`c6` AS `c6`,`test`.`t1`.`c7` AS `c7` from `test`.`t1` where ((2 * `test`.`t1`.`c7`) = (`test`.`t1`.`c7` * 2))
explain select * from t1 where c1 / 2 = c2 / 2;
id	select_type	table	partitions	type	possible_keys	key	key_len	ref	rows	filtered	Extra
1	SIMPLE	t1	NULL	ALL	NULL	NULL	NULL	NULL	3	100.00	Using where; Using pushed condition ((`test`.`t1`.`c1` / 2) = (`test`.`t1`.`c2` / 2))
Warnings:
Note	1003	/* select#1 */ select `test`.`t1`.`c1` AS `c1`,`test`.`t1`.`c2` AS `c2`,`test`.`t1`.`c3` AS `c3`,`test`.`t1`.`c4` AS `c4`,`test`.`t1`.`c5` AS `c5`,`test`.`t1`.`c6` AS `c6`,`test`.`t1`.`c7` AS `c7` from `test`.`t1` where ((`test`.`t1`.`c1` / 2) = (`test`.`t1`.`c2` / 2))
explain select * from t1 where c1 / 3 = c2 * 3;
id	select_type	table	partitions	type	possible_keys	key	key_len	ref	rows	filtered	Extra
1	SIMPLE	t1	NULL	ALL	NULL	NULL	NULL	NULL	3	100.00	Using where; Using pushed condition ((`test`.`t1`.`c1` / 3) = (`test`.`t1`.`c2` * 3))
Warnings:
Note	1003	/* select#1 */ select `test`.`t1`.`c1` AS `c1`,`test`.`t1`.`c2` AS `c2`,`test`.`t1`.`c3` AS `c3`,`test`.`t1`.`c4` AS `c4`,`test`.`t1`.`c5` AS `c5`,`test`.`t1`.`c6` AS `c6`,`test`.`t1`.`c7` AS `c7` from `test`.`t1` where ((`test`.`t1`.`c1` / 3) = (`test`.`t1`.`c2` * 3))
explain select * from t1 where c1 * c2 = c3 * c6;
id	select_type	table	partitions	type	possible_keys	key	key_len	ref	rows	filtered	Extra
1	SIMPLE	t1	NULL	ALL	NULL	NULL	NULL	NULL	3	100.00	Using where
Warnings:
Note	1003	/* select#1 */ select `test`.`t1`.`c1` AS `c1`,`test`.`t1`.`c2` AS `c2`,`test`.`t1`.`c3` AS `c3`,`test`.`t1`.`c4` AS `c4`,`test`.`t1`.`c5` AS `c5`,`test`.`t1`.`c6` AS `c6`,`test`.`t1`.`c7` AS `c7` from `test`.`t1` where ((`test`.`t1`.`c1` * `test`.`t1`.`c2`) = (`test`.`t1`.`c3` * `test`.`t1`.`c6`))
explain select * from t1 where c1 * c2 = c3 * c6 * c7;
id	select_type	table	partitions	type	possible_keys	key	key_len	ref	rows	filtered	Extra
1	SIMPLE	t1	NULL	ALL	NULL	NULL	NULL	NULL	3	100.00	Using where
Warnings:
Note	1003	/* select#1 */ select `test`.`t1`.`c1` AS `c1`,`test`.`t1`.`c2` AS `c2`,`test`.`t1`.`c3` AS `c3`,`test`.`t1`.`c4` AS `c4`,`test`.`t1`.`c5` AS `c5`,`test`.`t1`.`c6` AS `c6`,`test`.`t1`.`c7` AS `c7` from `test`.`t1` where ((`test`.`t1`.`c1` * `test`.`t1`.`c2`) = ((`test`.`t1`.`c3` * `test`.`t1`.`c6`) * `test`.`t1`.`c7`))
explain select * from t1 where c1 + 2 = 1;
id	select_type	table	partitions	type	possible_keys	key	key_len	ref	rows	filtered	Extra
1	SIMPLE	t1	NULL	ALL	NULL	NULL	NULL	NULL	3	100.00	Using where; Using pushed condition ((`test`.`t1`.`c1` + 2) = 1)
Warnings:
Note	1003	/* select#1 */ select `test`.`t1`.`c1` AS `c1`,`test`.`t1`.`c2` AS `c2`,`test`.`t1`.`c3` AS `c3`,`test`.`t1`.`c4` AS `c4`,`test`.`t1`.`c5` AS `c5`,`test`.`t1`.`c6` AS `c6`,`test`.`t1`.`c7` AS `c7` from `test`.`t1` where ((`test`.`t1`.`c1` + 2) = 1)
explain select * from t1 where c2 + 2 = 1;
id	select_type	table	partitions	type	possible_keys	key	key_len	ref	rows	filtered	Extra
1	SIMPLE	t1	NULL	ALL	NULL	NULL	NULL	NULL	3	100.00	Using where; Using pushed condition ((`test`.`t1`.`c2` + 2) = 1)
Warnings:
Note	1003	/* select#1 */ select `test`.`t1`.`c1` AS `c1`,`test`.`t1`.`c2` AS `c2`,`test`.`t1`.`c3` AS `c3`,`test`.`t1`.`c4` AS `c4`,`test`.`t1`.`c5` AS `c5`,`test`.`t1`.`c6` AS `c6`,`test`.`t1`.`c7` AS `c7` from `test`.`t1` where ((`test`.`t1`.`c2` + 2) = 1)
explain select * from t1 where c3 + 2 = 1;
id	select_type	table	partitions	type	possible_keys	key	key_len	ref	rows	filtered	Extra
1	SIMPLE	t1	NULL	ALL	NULL	NULL	NULL	NULL	3	100.00	Using where; Using pushed condition ((`test`.`t1`.`c3` + 2) = 1)
Warnings:
Note	1003	/* select#1 */ select `test`.`t1`.`c1` AS `c1`,`test`.`t1`.`c2` AS `c2`,`test`.`t1`.`c3` AS `c3`,`test`.`t1`.`c4` AS `c4`,`test`.`t1`.`c5` AS `c5`,`test`.`t1`.`c6` AS `c6`,`test`.`t1`.`c7` AS `c7` from `test`.`t1` where ((`test`.`t1`.`c3` + 2) = 1)
explain select * from t1 where c4 + 2 = 1;
id	select_type	table	partitions	type	possible_keys	key	key_len	ref	rows	filtered	Extra
1	SIMPLE	t1	NULL	ALL	NULL	NULL	NULL	NULL	3	100.00	Using where; Using pushed condition ((`test`.`t1`.`c4` + 2) = 1)
Warnings:
Note	1003	/* select#1 */ select `test`.`t1`.`c1` AS `c1`,`test`.`t1`.`c2` AS `c2`,`test`.`t1`.`c3` AS `c3`,`test`.`t1`.`c4` AS `c4`,`test`.`t1`.`c5` AS `c5`,`test`.`t1`.`c6` AS `c6`,`test`.`t1`.`c7` AS `c7` from `test`.`t1` where ((`test`.`t1`.`c4` + 2) = 1)
explain select * from t1 where c5 + 2 = 1;
id	select_type	table	partitions	type	possible_keys	key	key_len	ref	rows	filtered	Extra
1	SIMPLE	t1	NULL	ALL	NULL	NULL	NULL	NULL	3	100.00	Using where; Using pushed condition ((`test`.`t1`.`c5` + 2) = 1)
Warnings:
Note	1003	/* select#1 */ select `test`.`t1`.`c1` AS `c1`,`test`.`t1`.`c2` AS `c2`,`test`.`t1`.`c3` AS `c3`,`test`.`t1`.`c4` AS `c4`,`test`.`t1`.`c5` AS `c5`,`test`.`t1`.`c6` AS `c6`,`test`.`t1`.`c7` AS `c7` from `test`.`t1` where ((`test`.`t1`.`c5` + 2) = 1)
explain select * from t1 where c6 + 2 = 1;
id	select_type	table	partitions	type	possible_keys	key	key_len	ref	rows	filtered	Extra
1	SIMPLE	t1	NULL	ALL	NULL	NULL	NULL	NULL	3	100.00	Using where
Warnings:
Note	1003	/* select#1 */ select `test`.`t1`.`c1` AS `c1`,`test`.`t1`.`c2` AS `c2`,`test`.`t1`.`c3` AS `c3`,`test`.`t1`.`c4` AS `c4`,`test`.`t1`.`c5` AS `c5`,`test`.`t1`.`c6` AS `c6`,`test`.`t1`.`c7` AS `c7` from `test`.`t1` where ((`test`.`t1`.`c6` + 2) = 1)
explain select * from t1 where c7 + 2 = 1;
id	select_type	table	partitions	type	possible_keys	key	key_len	ref	rows	filtered	Extra
1	SIMPLE	t1	NULL	ALL	NULL	NULL	NULL	NULL	3	100.00	Using where; Using pushed condition ((`test`.`t1`.`c7` + 2) = 1)
Warnings:
Note	1003	/* select#1 */ select `test`.`t1`.`c1` AS `c1`,`test`.`t1`.`c2` AS `c2`,`test`.`t1`.`c3` AS `c3`,`test`.`t1`.`c4` AS `c4`,`test`.`t1`.`c5` AS `c5`,`test`.`t1`.`c6` AS `c6`,`test`.`t1`.`c7` AS `c7` from `test`.`t1` where ((`test`.`t1`.`c7` + 2) = 1)
explain select c1 + 2 + 2 from t1;
id	select_type	table	partitions	type	possible_keys	key	key_len	ref	rows	filtered	Extra
1	SIMPLE	t1	NULL	ALL	NULL	NULL	NULL	NULL	3	100.00	NULL
Warnings:
Note	1003	/* select#1 */ select ((`test`.`t1`.`c1` + 2) + 2) AS `c1 + 2 + 2` from `test`.`t1`
explain select * from t1 where c1 + 2 + 2 = 4;
id	select_type	table	partitions	type	possible_keys	key	key_len	ref	rows	filtered	Extra
1	SIMPLE	t1	NULL	ALL	NULL	NULL	NULL	NULL	3	100.00	Using where; Using pushed condition (((`test`.`t1`.`c1` + 2) + 2) = 4)
Warnings:
Note	1003	/* select#1 */ select `test`.`t1`.`c1` AS `c1`,`test`.`t1`.`c2` AS `c2`,`test`.`t1`.`c3` AS `c3`,`test`.`t1`.`c4` AS `c4`,`test`.`t1`.`c5` AS `c5`,`test`.`t1`.`c6` AS `c6`,`test`.`t1`.`c7` AS `c7` from `test`.`t1` where (((`test`.`t1`.`c1` + 2) + 2) = 4)
explain select c2 + 2 * 2 from t1;
id	select_type	table	partitions	type	possible_keys	key	key_len	ref	rows	filtered	Extra
1	SIMPLE	t1	NULL	ALL	NULL	NULL	NULL	NULL	3	100.00	NULL
Warnings:
Note	1003	/* select#1 */ select (`test`.`t1`.`c2` + (2 * 2)) AS `c2 + 2 * 2` from `test`.`t1`
explain select * from t1 where c2 + 2 * 2 = 8;
id	select_type	table	partitions	type	possible_keys	key	key_len	ref	rows	filtered	Extra
1	SIMPLE	t1	NULL	ALL	NULL	NULL	NULL	NULL	3	100.00	Using where; Using pushed condition ((`test`.`t1`.`c2` + <cache>((2 * 2))) = 8)
Warnings:
Note	1003	/* select#1 */ select `test`.`t1`.`c1` AS `c1`,`test`.`t1`.`c2` AS `c2`,`test`.`t1`.`c3` AS `c3`,`test`.`t1`.`c4` AS `c4`,`test`.`t1`.`c5` AS `c5`,`test`.`t1`.`c6` AS `c6`,`test`.`t1`.`c7` AS `c7` from `test`.`t1` where ((`test`.`t1`.`c2` + <cache>((2 * 2))) = 8)
explain select c3 + 2 / 3 from t1;
id	select_type	table	partitions	type	possible_keys	key	key_len	ref	rows	filtered	Extra
1	SIMPLE	t1	NULL	ALL	NULL	NULL	NULL	NULL	3	100.00	NULL
Warnings:
Note	1003	/* select#1 */ select (`test`.`t1`.`c3` + (2 / 3)) AS `c3 + 2 / 3` from `test`.`t1`
explain select * from t1 where c3 + 2 / 3 = 1;
id	select_type	table	partitions	type	possible_keys	key	key_len	ref	rows	filtered	Extra
1	SIMPLE	t1	NULL	ALL	NULL	NULL	NULL	NULL	3	100.00	Using where
Warnings:
Note	1003	/* select#1 */ select `test`.`t1`.`c1` AS `c1`,`test`.`t1`.`c2` AS `c2`,`test`.`t1`.`c3` AS `c3`,`test`.`t1`.`c4` AS `c4`,`test`.`t1`.`c5` AS `c5`,`test`.`t1`.`c6` AS `c6`,`test`.`t1`.`c7` AS `c7` from `test`.`t1` where ((`test`.`t1`.`c3` + <cache>((2 / 3))) = 1)
explain select c4 + 2 / 4 from t1;
id	select_type	table	partitions	type	possible_keys	key	key_len	ref	rows	filtered	Extra
1	SIMPLE	t1	NULL	ALL	NULL	NULL	NULL	NULL	3	100.00	NULL
Warnings:
Note	1003	/* select#1 */ select (`test`.`t1`.`c4` + (2 / 4)) AS `c4 + 2 / 4` from `test`.`t1`
explain select * from t1 where c4 + 2 / 4 = 1;
id	select_type	table	partitions	type	possible_keys	key	key_len	ref	rows	filtered	Extra
1	SIMPLE	t1	NULL	ALL	NULL	NULL	NULL	NULL	3	100.00	Using where
Warnings:
Note	1003	/* select#1 */ select `test`.`t1`.`c1` AS `c1`,`test`.`t1`.`c2` AS `c2`,`test`.`t1`.`c3` AS `c3`,`test`.`t1`.`c4` AS `c4`,`test`.`t1`.`c5` AS `c5`,`test`.`t1`.`c6` AS `c6`,`test`.`t1`.`c7` AS `c7` from `test`.`t1` where ((`test`.`t1`.`c4` + <cache>((2 / 4))) = 1)
explain select c5 + 4 / 2 from t1;
id	select_type	table	partitions	type	possible_keys	key	key_len	ref	rows	filtered	Extra
1	SIMPLE	t1	NULL	ALL	NULL	NULL	NULL	NULL	3	100.00	NULL
Warnings:
Note	1003	/* select#1 */ select (`test`.`t1`.`c5` + (4 / 2)) AS `c5 + 4 / 2` from `test`.`t1`
explain select * from t1 where c5 + 4 / 2 = 1;
id	select_type	table	partitions	type	possible_keys	key	key_len	ref	rows	filtered	Extra
1	SIMPLE	t1	NULL	ALL	NULL	NULL	NULL	NULL	3	100.00	Using where
Warnings:
Note	1003	/* select#1 */ select `test`.`t1`.`c1` AS `c1`,`test`.`t1`.`c2` AS `c2`,`test`.`t1`.`c3` AS `c3`,`test`.`t1`.`c4` AS `c4`,`test`.`t1`.`c5` AS `c5`,`test`.`t1`.`c6` AS `c6`,`test`.`t1`.`c7` AS `c7` from `test`.`t1` where ((`test`.`t1`.`c5` + <cache>((4 / 2))) = 1)
explain select c5 + 4 / 2 from t1;
id	select_type	table	partitions	type	possible_keys	key	key_len	ref	rows	filtered	Extra
1	SIMPLE	t1	NULL	ALL	NULL	NULL	NULL	NULL	3	100.00	NULL
Warnings:
Note	1003	/* select#1 */ select (`test`.`t1`.`c5` + (4 / 2)) AS `c5 + 4 / 2` from `test`.`t1`
explain select * from t1 where c6 + 2 * c7 = 6;
id	select_type	table	partitions	type	possible_keys	key	key_len	ref	rows	filtered	Extra
1	SIMPLE	t1	NULL	ALL	NULL	NULL	NULL	NULL	3	100.00	Using where
Warnings:
Note	1003	/* select#1 */ select `test`.`t1`.`c1` AS `c1`,`test`.`t1`.`c2` AS `c2`,`test`.`t1`.`c3` AS `c3`,`test`.`t1`.`c4` AS `c4`,`test`.`t1`.`c5` AS `c5`,`test`.`t1`.`c6` AS `c6`,`test`.`t1`.`c7` AS `c7` from `test`.`t1` where ((`test`.`t1`.`c6` + (2 * `test`.`t1`.`c7`)) = 6)
explain select * from t1 where 2 + c7 = -1;
id	select_type	table	partitions	type	possible_keys	key	key_len	ref	rows	filtered	Extra
1	SIMPLE	t1	NULL	ALL	NULL	NULL	NULL	NULL	3	100.00	Using where; Using pushed condition ((2 + `test`.`t1`.`c7`) = <cache>(-(1)))
Warnings:
Note	1003	/* select#1 */ select `test`.`t1`.`c1` AS `c1`,`test`.`t1`.`c2` AS `c2`,`test`.`t1`.`c3` AS `c3`,`test`.`t1`.`c4` AS `c4`,`test`.`t1`.`c5` AS `c5`,`test`.`t1`.`c6` AS `c6`,`test`.`t1`.`c7` AS `c7` from `test`.`t1` where ((2 + `test`.`t1`.`c7`) = <cache>(-(1)))
explain select * from t1 where c1 - 2 = 1;
id	select_type	table	partitions	type	possible_keys	key	key_len	ref	rows	filtered	Extra
1	SIMPLE	t1	NULL	ALL	NULL	NULL	NULL	NULL	3	100.00	Using where; Using pushed condition ((`test`.`t1`.`c1` - 2) = 1)
Warnings:
Note	1003	/* select#1 */ select `test`.`t1`.`c1` AS `c1`,`test`.`t1`.`c2` AS `c2`,`test`.`t1`.`c3` AS `c3`,`test`.`t1`.`c4` AS `c4`,`test`.`t1`.`c5` AS `c5`,`test`.`t1`.`c6` AS `c6`,`test`.`t1`.`c7` AS `c7` from `test`.`t1` where ((`test`.`t1`.`c1` - 2) = 1)
explain select * from t1 where c2 - 2 = 1;
id	select_type	table	partitions	type	possible_keys	key	key_len	ref	rows	filtered	Extra
1	SIMPLE	t1	NULL	ALL	NULL	NULL	NULL	NULL	3	100.00	Using where; Using pushed condition ((`test`.`t1`.`c2` - 2) = 1)
Warnings:
Note	1003	/* select#1 */ select `test`.`t1`.`c1` AS `c1`,`test`.`t1`.`c2` AS `c2`,`test`.`t1`.`c3` AS `c3`,`test`.`t1`.`c4` AS `c4`,`test`.`t1`.`c5` AS `c5`,`test`.`t1`.`c6` AS `c6`,`test`.`t1`.`c7` AS `c7` from `test`.`t1` where ((`test`.`t1`.`c2` - 2) = 1)
explain select * from t1 where c3 - 2 = 1;
id	select_type	table	partitions	type	possible_keys	key	key_len	ref	rows	filtered	Extra
1	SIMPLE	t1	NULL	ALL	NULL	NULL	NULL	NULL	3	100.00	Using where; Using pushed condition ((`test`.`t1`.`c3` - 2) = 1)
Warnings:
Note	1003	/* select#1 */ select `test`.`t1`.`c1` AS `c1`,`test`.`t1`.`c2` AS `c2`,`test`.`t1`.`c3` AS `c3`,`test`.`t1`.`c4` AS `c4`,`test`.`t1`.`c5` AS `c5`,`test`.`t1`.`c6` AS `c6`,`test`.`t1`.`c7` AS `c7` from `test`.`t1` where ((`test`.`t1`.`c3` - 2) = 1)
explain select * from t1 where c4 - 2 = 1;
id	select_type	table	partitions	type	possible_keys	key	key_len	ref	rows	filtered	Extra
1	SIMPLE	t1	NULL	ALL	NULL	NULL	NULL	NULL	3	100.00	Using where; Using pushed condition ((`test`.`t1`.`c4` - 2) = 1)
Warnings:
Note	1003	/* select#1 */ select `test`.`t1`.`c1` AS `c1`,`test`.`t1`.`c2` AS `c2`,`test`.`t1`.`c3` AS `c3`,`test`.`t1`.`c4` AS `c4`,`test`.`t1`.`c5` AS `c5`,`test`.`t1`.`c6` AS `c6`,`test`.`t1`.`c7` AS `c7` from `test`.`t1` where ((`test`.`t1`.`c4` - 2) = 1)
explain select * from t1 where c5 - 2 = 1;
id	select_type	table	partitions	type	possible_keys	key	key_len	ref	rows	filtered	Extra
1	SIMPLE	t1	NULL	ALL	NULL	NULL	NULL	NULL	3	100.00	Using where; Using pushed condition ((`test`.`t1`.`c5` - 2) = 1)
Warnings:
Note	1003	/* select#1 */ select `test`.`t1`.`c1` AS `c1`,`test`.`t1`.`c2` AS `c2`,`test`.`t1`.`c3` AS `c3`,`test`.`t1`.`c4` AS `c4`,`test`.`t1`.`c5` AS `c5`,`test`.`t1`.`c6` AS `c6`,`test`.`t1`.`c7` AS `c7` from `test`.`t1` where ((`test`.`t1`.`c5` - 2) = 1)
explain select * from t1 where c6 - 2 = 1;
id	select_type	table	partitions	type	possible_keys	key	key_len	ref	rows	filtered	Extra
1	SIMPLE	t1	NULL	ALL	NULL	NULL	NULL	NULL	3	100.00	Using where
Warnings:
Note	1003	/* select#1 */ select `test`.`t1`.`c1` AS `c1`,`test`.`t1`.`c2` AS `c2`,`test`.`t1`.`c3` AS `c3`,`test`.`t1`.`c4` AS `c4`,`test`.`t1`.`c5` AS `c5`,`test`.`t1`.`c6` AS `c6`,`test`.`t1`.`c7` AS `c7` from `test`.`t1` where ((`test`.`t1`.`c6` - 2) = 1)
explain select * from t1 where c7 - 2 = 1;
id	select_type	table	partitions	type	possible_keys	key	key_len	ref	rows	filtered	Extra
1	SIMPLE	t1	NULL	ALL	NULL	NULL	NULL	NULL	3	100.00	Using where; Using pushed condition ((`test`.`t1`.`c7` - 2) = 1)
Warnings:
Note	1003	/* select#1 */ select `test`.`t1`.`c1` AS `c1`,`test`.`t1`.`c2` AS `c2`,`test`.`t1`.`c3` AS `c3`,`test`.`t1`.`c4` AS `c4`,`test`.`t1`.`c5` AS `c5`,`test`.`t1`.`c6` AS `c6`,`test`.`t1`.`c7` AS `c7` from `test`.`t1` where ((`test`.`t1`.`c7` - 2) = 1)
explain select * from t1 where 4 - c4 = 4 - c4;
id	select_type	table	partitions	type	possible_keys	key	key_len	ref	rows	filtered	Extra
1	SIMPLE	t1	NULL	ALL	NULL	NULL	NULL	NULL	3	100.00	Using where; Using pushed condition ((4 - `test`.`t1`.`c4`) = (4 - `test`.`t1`.`c4`))
Warnings:
Note	1003	/* select#1 */ select `test`.`t1`.`c1` AS `c1`,`test`.`t1`.`c2` AS `c2`,`test`.`t1`.`c3` AS `c3`,`test`.`t1`.`c4` AS `c4`,`test`.`t1`.`c5` AS `c5`,`test`.`t1`.`c6` AS `c6`,`test`.`t1`.`c7` AS `c7` from `test`.`t1` where ((4 - `test`.`t1`.`c4`) = (4 - `test`.`t1`.`c4`))
explain select * from t1 where c4 - c1 = c4 - c1;
id	select_type	table	partitions	type	possible_keys	key	key_len	ref	rows	filtered	Extra
1	SIMPLE	t1	NULL	ALL	NULL	NULL	NULL	NULL	3	100.00	Using where; Using pushed condition ((`test`.`t1`.`c4` - `test`.`t1`.`c1`) = (`test`.`t1`.`c4` - `test`.`t1`.`c1`))
Warnings:
Note	1003	/* select#1 */ select `test`.`t1`.`c1` AS `c1`,`test`.`t1`.`c2` AS `c2`,`test`.`t1`.`c3` AS `c3`,`test`.`t1`.`c4` AS `c4`,`test`.`t1`.`c5` AS `c5`,`test`.`t1`.`c6` AS `c6`,`test`.`t1`.`c7` AS `c7` from `test`.`t1` where ((`test`.`t1`.`c4` - `test`.`t1`.`c1`) = (`test`.`t1`.`c4` - `test`.`t1`.`c1`))
explain select * from t1 where c3 - 2 = 1;
id	select_type	table	partitions	type	possible_keys	key	key_len	ref	rows	filtered	Extra
1	SIMPLE	t1	NULL	ALL	NULL	NULL	NULL	NULL	3	100.00	Using where; Using pushed condition ((`test`.`t1`.`c3` - 2) = 1)
Warnings:
Note	1003	/* select#1 */ select `test`.`t1`.`c1` AS `c1`,`test`.`t1`.`c2` AS `c2`,`test`.`t1`.`c3` AS `c3`,`test`.`t1`.`c4` AS `c4`,`test`.`t1`.`c5` AS `c5`,`test`.`t1`.`c6` AS `c6`,`test`.`t1`.`c7` AS `c7` from `test`.`t1` where ((`test`.`t1`.`c3` - 2) = 1)
create table t16 (a int, b int unsigned);
insert into t16 values (1,2),(2,1),(NULL,NULL),(1,NULL),(NULL,1);
explain select * from t16;
id	select_type	table	partitions	type	possible_keys	key	key_len	ref	rows	filtered	Extra
1	SIMPLE	t16	NULL	ALL	NULL	NULL	NULL	NULL	3	100.00	NULL
Warnings:
Note	1003	/* select#1 */ select `test`.`t16`.`a` AS `a`,`test`.`t16`.`b` AS `b` from `test`.`t16`
explain select * from t16 where -a < 0;
id	select_type	table	partitions	type	possible_keys	key	key_len	ref	rows	filtered	Extra
1	SIMPLE	t16	NULL	ALL	NULL	NULL	NULL	NULL	3	100.00	Using where
Warnings:
Note	1003	/* select#1 */ select `test`.`t16`.`a` AS `a`,`test`.`t16`.`b` AS `b` from `test`.`t16` where (-(`test`.`t16`.`a`) < 0)
explain select * from t16 where a - '2' >= 0;
id	select_type	table	partitions	type	possible_keys	key	key_len	ref	rows	filtered	Extra
1	SIMPLE	t16	NULL	ALL	NULL	NULL	NULL	NULL	3	100.00	Using where
Warnings:
Note	1003	/* select#1 */ select `test`.`t16`.`a` AS `a`,`test`.`t16`.`b` AS `b` from `test`.`t16` where ((`test`.`t16`.`a` - '2') >= 0)
explain select * from t16 where a % 0 = 0;
id	select_type	table	partitions	type	possible_keys	key	key_len	ref	rows	filtered	Extra
1	SIMPLE	t16	NULL	ALL	NULL	NULL	NULL	NULL	3	100.00	Using where; Using pushed condition ((`test`.`t16`.`a` % 0) = 0)
Warnings:
Note	1003	/* select#1 */ select `test`.`t16`.`a` AS `a`,`test`.`t16`.`b` AS `b` from `test`.`t16` where ((`test`.`t16`.`a` % 0) = 0)
explain select * from t16 where a / 0 = 0;
id	select_type	table	partitions	type	possible_keys	key	key_len	ref	rows	filtered	Extra
1	SIMPLE	t16	NULL	ALL	NULL	NULL	NULL	NULL	3	100.00	Using where; Using pushed condition ((`test`.`t16`.`a` / 0) = 0)
Warnings:
Note	1003	/* select#1 */ select `test`.`t16`.`a` AS `a`,`test`.`t16`.`b` AS `b` from `test`.`t16` where ((`test`.`t16`.`a` / 0) = 0)
explain select * from t16 where a + 9223372036854775807 > 0;
id	select_type	table	partitions	type	possible_keys	key	key_len	ref	rows	filtered	Extra
1	SIMPLE	t16	NULL	ALL	NULL	NULL	NULL	NULL	3	100.00	Using where; Using pushed condition ((`test`.`t16`.`a` + 9223372036854775807) > 0)
Warnings:
Note	1003	/* select#1 */ select `test`.`t16`.`a` AS `a`,`test`.`t16`.`b` AS `b` from `test`.`t16` where ((`test`.`t16`.`a` + 9223372036854775807) > 0)
explain select * from t16 where a + 9223372036854775808 > 0;
id	select_type	table	partitions	type	possible_keys	key	key_len	ref	rows	filtered	Extra
1	SIMPLE	t16	NULL	ALL	NULL	NULL	NULL	NULL	3	100.00	Using where; Using pushed condition ((`test`.`t16`.`a` + 9223372036854775808) > 0)
Warnings:
Note	1003	/* select#1 */ select `test`.`t16`.`a` AS `a`,`test`.`t16`.`b` AS `b` from `test`.`t16` where ((`test`.`t16`.`a` + 9223372036854775808) > 0)
explain select * from t16 where a + 18446744073709551615 > 0;
id	select_type	table	partitions	type	possible_keys	key	key_len	ref	rows	filtered	Extra
1	SIMPLE	t16	NULL	ALL	NULL	NULL	NULL	NULL	3	100.00	Using where; Using pushed condition ((`test`.`t16`.`a` + 18446744073709551615) > 0)
Warnings:
Note	1003	/* select#1 */ select `test`.`t16`.`a` AS `a`,`test`.`t16`.`b` AS `b` from `test`.`t16` where ((`test`.`t16`.`a` + 18446744073709551615) > 0)
explain select * from t16 where a + 18446744073709551616 > 0;
id	select_type	table	partitions	type	possible_keys	key	key_len	ref	rows	filtered	Extra
1	SIMPLE	t16	NULL	ALL	NULL	NULL	NULL	NULL	3	100.00	Using where
Warnings:
Note	1003	/* select#1 */ select `test`.`t16`.`a` AS `a`,`test`.`t16`.`b` AS `b` from `test`.`t16` where ((`test`.`t16`.`a` + 18446744073709551616) > 0)
explain select * from t16 where a > 1;
id	select_type	table	partitions	type	possible_keys	key	key_len	ref	rows	filtered	Extra
1	SIMPLE	t16	NULL	ALL	NULL	NULL	NULL	NULL	3	33.33	Using where; Using pushed condition (`test`.`t16`.`a` > 1)
Warnings:
Note	1003	/* select#1 */ select `test`.`t16`.`a` AS `a`,`test`.`t16`.`b` AS `b` from `test`.`t16` where (`test`.`t16`.`a` > 1)
explain select * from t16 where a >= 1;
id	select_type	table	partitions	type	possible_keys	key	key_len	ref	rows	filtered	Extra
1	SIMPLE	t16	NULL	ALL	NULL	NULL	NULL	NULL	3	33.33	Using where; Using pushed condition (`test`.`t16`.`a` >= 1)
Warnings:
Note	1003	/* select#1 */ select `test`.`t16`.`a` AS `a`,`test`.`t16`.`b` AS `b` from `test`.`t16` where (`test`.`t16`.`a` >= 1)
explain select * from t16 where a < 2;
id	select_type	table	partitions	type	possible_keys	key	key_len	ref	rows	filtered	Extra
1	SIMPLE	t16	NULL	ALL	NULL	NULL	NULL	NULL	3	33.33	Using where; Using pushed condition (`test`.`t16`.`a` < 2)
Warnings:
Note	1003	/* select#1 */ select `test`.`t16`.`a` AS `a`,`test`.`t16`.`b` AS `b` from `test`.`t16` where (`test`.`t16`.`a` < 2)
explain select * from t16 where a <= 2;
id	select_type	table	partitions	type	possible_keys	key	key_len	ref	rows	filtered	Extra
1	SIMPLE	t16	NULL	ALL	NULL	NULL	NULL	NULL	3	33.33	Using where; Using pushed condition (`test`.`t16`.`a` <= 2)
Warnings:
Note	1003	/* select#1 */ select `test`.`t16`.`a` AS `a`,`test`.`t16`.`b` AS `b` from `test`.`t16` where (`test`.`t16`.`a` <= 2)
explain select * from t16 where a;
id	select_type	table	partitions	type	possible_keys	key	key_len	ref	rows	filtered	Extra
1	SIMPLE	t16	NULL	ALL	NULL	NULL	NULL	NULL	3	66.67	Using where; Using pushed condition (0 <> `test`.`t16`.`a`)
Warnings:
Note	1003	/* select#1 */ select `test`.`t16`.`a` AS `a`,`test`.`t16`.`b` AS `b` from `test`.`t16` where (0 <> `test`.`t16`.`a`)
explain select * from t16 where a <> 0;
id	select_type	table	partitions	type	possible_keys	key	key_len	ref	rows	filtered	Extra
1	SIMPLE	t16	NULL	ALL	NULL	NULL	NULL	NULL	3	66.67	Using where; Using pushed condition (`test`.`t16`.`a` <> 0)
Warnings:
Note	1003	/* select#1 */ select `test`.`t16`.`a` AS `a`,`test`.`t16`.`b` AS `b` from `test`.`t16` where (`test`.`t16`.`a` <> 0)
explain select * from t16 where a != 0;
id	select_type	table	partitions	type	possible_keys	key	key_len	ref	rows	filtered	Extra
1	SIMPLE	t16	NULL	ALL	NULL	NULL	NULL	NULL	3	66.67	Using where; Using pushed condition (`test`.`t16`.`a` <> 0)
Warnings:
Note	1003	/* select#1 */ select `test`.`t16`.`a` AS `a`,`test`.`t16`.`b` AS `b` from `test`.`t16` where (`test`.`t16`.`a` <> 0)
explain select * from t16 where !a;
id	select_type	table	partitions	type	possible_keys	key	key_len	ref	rows	filtered	Extra
1	SIMPLE	t16	NULL	ALL	NULL	NULL	NULL	NULL	3	33.33	Using where; Using pushed condition (`test`.`t16`.`a` = 0)
Warnings:
Warning	1287	'!' is deprecated and will be removed in a future release. Please use NOT instead
Note	1003	/* select#1 */ select `test`.`t16`.`a` AS `a`,`test`.`t16`.`b` AS `b` from `test`.`t16` where (`test`.`t16`.`a` = 0)
explain select * from t16 where NOT a;
id	select_type	table	partitions	type	possible_keys	key	key_len	ref	rows	filtered	Extra
1	SIMPLE	t16	NULL	ALL	NULL	NULL	NULL	NULL	3	33.33	Using where; Using pushed condition (`test`.`t16`.`a` = 0)
Warnings:
Note	1003	/* select#1 */ select `test`.`t16`.`a` AS `a`,`test`.`t16`.`b` AS `b` from `test`.`t16` where (`test`.`t16`.`a` = 0)
explain select * from t16 where NOT NOT a;
id	select_type	table	partitions	type	possible_keys	key	key_len	ref	rows	filtered	Extra
1	SIMPLE	t16	NULL	ALL	NULL	NULL	NULL	NULL	3	66.67	Using where; Using pushed condition (0 <> `test`.`t16`.`a`)
Warnings:
Note	1003	/* select#1 */ select `test`.`t16`.`a` AS `a`,`test`.`t16`.`b` AS `b` from `test`.`t16` where (0 <> `test`.`t16`.`a`)
explain select * from t16 where a <> NULL;
id	select_type	table	partitions	type	possible_keys	key	key_len	ref	rows	filtered	Extra
1	SIMPLE	t16	NULL	ALL	NULL	NULL	NULL	NULL	3	66.67	Using where; Using pushed condition (`test`.`t16`.`a` <> NULL)
Warnings:
Note	1003	/* select#1 */ select `test`.`t16`.`a` AS `a`,`test`.`t16`.`b` AS `b` from `test`.`t16` where (`test`.`t16`.`a` <> NULL)
explain select * from t16 where a != NULL;
id	select_type	table	partitions	type	possible_keys	key	key_len	ref	rows	filtered	Extra
1	SIMPLE	t16	NULL	ALL	NULL	NULL	NULL	NULL	3	66.67	Using where; Using pushed condition (`test`.`t16`.`a` <> NULL)
Warnings:
Note	1003	/* select#1 */ select `test`.`t16`.`a` AS `a`,`test`.`t16`.`b` AS `b` from `test`.`t16` where (`test`.`t16`.`a` <> NULL)
explain select * from t16 where a <=> 2;
id	select_type	table	partitions	type	possible_keys	key	key_len	ref	rows	filtered	Extra
1	SIMPLE	t16	NULL	ALL	NULL	NULL	NULL	NULL	3	33.33	Using where; Using pushed condition (`test`.`t16`.`a` <=> 2)
Warnings:
Note	1003	/* select#1 */ select `test`.`t16`.`a` AS `a`,`test`.`t16`.`b` AS `b` from `test`.`t16` where (`test`.`t16`.`a` <=> 2)
explain select * from t16 where a <=> NULL;
id	select_type	table	partitions	type	possible_keys	key	key_len	ref	rows	filtered	Extra
1	SIMPLE	t16	NULL	ALL	NULL	NULL	NULL	NULL	3	33.33	Using where; Using pushed condition (`test`.`t16`.`a` <=> NULL)
Warnings:
Note	1003	/* select#1 */ select `test`.`t16`.`a` AS `a`,`test`.`t16`.`b` AS `b` from `test`.`t16` where (`test`.`t16`.`a` <=> NULL)
explain select * from t16 where a = 2;
id	select_type	table	partitions	type	possible_keys	key	key_len	ref	rows	filtered	Extra
1	SIMPLE	t16	NULL	ALL	NULL	NULL	NULL	NULL	3	33.33	Using where; Using pushed condition (`test`.`t16`.`a` = 2)
Warnings:
Note	1003	/* select#1 */ select `test`.`t16`.`a` AS `a`,`test`.`t16`.`b` AS `b` from `test`.`t16` where (`test`.`t16`.`a` = 2)
explain select * from t16 where a = NULL;
id	select_type	table	partitions	type	possible_keys	key	key_len	ref	rows	filtered	Extra
1	SIMPLE	t16	NULL	ALL	NULL	NULL	NULL	NULL	3	33.33	Using where; Using pushed condition (`test`.`t16`.`a` = NULL)
Warnings:
Note	1003	/* select#1 */ select `test`.`t16`.`a` AS `a`,`test`.`t16`.`b` AS `b` from `test`.`t16` where (`test`.`t16`.`a` = NULL)
explain select * from t16 where a is true;
id	select_type	table	partitions	type	possible_keys	key	key_len	ref	rows	filtered	Extra
1	SIMPLE	t16	NULL	ALL	NULL	NULL	NULL	NULL	3	100.00	Using where
Warnings:
Note	1003	/* select#1 */ select `test`.`t16`.`a` AS `a`,`test`.`t16`.`b` AS `b` from `test`.`t16` where ((0 <> `test`.`t16`.`a`) is true)
explain select * from t16 where a is NOT true;
id	select_type	table	partitions	type	possible_keys	key	key_len	ref	rows	filtered	Extra
1	SIMPLE	t16	NULL	ALL	NULL	NULL	NULL	NULL	3	100.00	Using where
Warnings:
Note	1003	/* select#1 */ select `test`.`t16`.`a` AS `a`,`test`.`t16`.`b` AS `b` from `test`.`t16` where ((0 <> `test`.`t16`.`a`) is not true)
explain select * from t16 where a like 1;
id	select_type	table	partitions	type	possible_keys	key	key_len	ref	rows	filtered	Extra
1	SIMPLE	t16	NULL	ALL	NULL	NULL	NULL	NULL	3	33.33	Using where
Warnings:
Note	1003	/* select#1 */ select `test`.`t16`.`a` AS `a`,`test`.`t16`.`b` AS `b` from `test`.`t16` where (`test`.`t16`.`a` like 1)
explain select * from t16 where a not like 1;
id	select_type	table	partitions	type	possible_keys	key	key_len	ref	rows	filtered	Extra
1	SIMPLE	t16	NULL	ALL	NULL	NULL	NULL	NULL	3	66.67	Using where
Warnings:
Note	1003	/* select#1 */ select `test`.`t16`.`a` AS `a`,`test`.`t16`.`b` AS `b` from `test`.`t16` where (not((`test`.`t16`.`a` like 1)))
explain select * from t16 where a like NULL;
id	select_type	table	partitions	type	possible_keys	key	key_len	ref	rows	filtered	Extra
1	SIMPLE	t16	NULL	ALL	NULL	NULL	NULL	NULL	3	33.33	Using where
Warnings:
Note	1003	/* select#1 */ select `test`.`t16`.`a` AS `a`,`test`.`t16`.`b` AS `b` from `test`.`t16` where (`test`.`t16`.`a` like NULL)
explain select * from t16 where a NOT like NULL;
id	select_type	table	partitions	type	possible_keys	key	key_len	ref	rows	filtered	Extra
1	SIMPLE	t16	NULL	ALL	NULL	NULL	NULL	NULL	3	66.67	Using where
Warnings:
Note	1003	/* select#1 */ select `test`.`t16`.`a` AS `a`,`test`.`t16`.`b` AS `b` from `test`.`t16` where (not((`test`.`t16`.`a` like NULL)))
explain select * from t16 where a + b > 1;
id	select_type	table	partitions	type	possible_keys	key	key_len	ref	rows	filtered	Extra
1	SIMPLE	t16	NULL	ALL	NULL	NULL	NULL	NULL	3	100.00	Using where; Using pushed condition ((`test`.`t16`.`a` + `test`.`t16`.`b`) > 1)
Warnings:
Note	1003	/* select#1 */ select `test`.`t16`.`a` AS `a`,`test`.`t16`.`b` AS `b` from `test`.`t16` where ((`test`.`t16`.`a` + `test`.`t16`.`b`) > 1)
explain select * from t16 where 1 < a;
id	select_type	table	partitions	type	possible_keys	key	key_len	ref	rows	filtered	Extra
1	SIMPLE	t16	NULL	ALL	NULL	NULL	NULL	NULL	3	33.33	Using where; Using pushed condition (1 < `test`.`t16`.`a`)
Warnings:
Note	1003	/* select#1 */ select `test`.`t16`.`a` AS `a`,`test`.`t16`.`b` AS `b` from `test`.`t16` where (1 < `test`.`t16`.`a`)
explain select * from t16 where a - 1;
id	select_type	table	partitions	type	possible_keys	key	key_len	ref	rows	filtered	Extra
1	SIMPLE	t16	NULL	ALL	NULL	NULL	NULL	NULL	3	100.00	Using where; Using pushed condition (0 <> (`test`.`t16`.`a` - 1))
Warnings:
Note	1003	/* select#1 */ select `test`.`t16`.`a` AS `a`,`test`.`t16`.`b` AS `b` from `test`.`t16` where (0 <> (`test`.`t16`.`a` - 1))
explain select * from t16 where a - 2;
id	select_type	table	partitions	type	possible_keys	key	key_len	ref	rows	filtered	Extra
1	SIMPLE	t16	NULL	ALL	NULL	NULL	NULL	NULL	3	100.00	Using where; Using pushed condition (0 <> (`test`.`t16`.`a` - 2))
Warnings:
Note	1003	/* select#1 */ select `test`.`t16`.`a` AS `a`,`test`.`t16`.`b` AS `b` from `test`.`t16` where (0 <> (`test`.`t16`.`a` - 2))
explain select * from t16 where (a > 1) and (b > 1);
id	select_type	table	partitions	type	possible_keys	key	key_len	ref	rows	filtered	Extra
1	SIMPLE	t16	NULL	ALL	NULL	NULL	NULL	NULL	3	33.33	Using where; Using pushed condition ((`test`.`t16`.`a` > 1) and (`test`.`t16`.`b` > 1))
Warnings:
Note	1003	/* select#1 */ select `test`.`t16`.`a` AS `a`,`test`.`t16`.`b` AS `b` from `test`.`t16` where ((`test`.`t16`.`a` > 1) and (`test`.`t16`.`b` > 1))
explain select * from t16 where (a > 1) && (b > 1);
id	select_type	table	partitions	type	possible_keys	key	key_len	ref	rows	filtered	Extra
1	SIMPLE	t16	NULL	ALL	NULL	NULL	NULL	NULL	3	33.33	Using where; Using pushed condition ((`test`.`t16`.`a` > 1) and (`test`.`t16`.`b` > 1))
Warnings:
Warning	1287	'&&' is deprecated and will be removed in a future release. Please use AND instead
Note	1003	/* select#1 */ select `test`.`t16`.`a` AS `a`,`test`.`t16`.`b` AS `b` from `test`.`t16` where ((`test`.`t16`.`a` > 1) and (`test`.`t16`.`b` > 1))
explain select * from t16 where (a > 1) or (b > 1);
id	select_type	table	partitions	type	possible_keys	key	key_len	ref	rows	filtered	Extra
1	SIMPLE	t16	NULL	ALL	NULL	NULL	NULL	NULL	3	55.56	Using where; Using pushed condition ((`test`.`t16`.`a` > 1) or (`test`.`t16`.`b` > 1))
Warnings:
Note	1003	/* select#1 */ select `test`.`t16`.`a` AS `a`,`test`.`t16`.`b` AS `b` from `test`.`t16` where ((`test`.`t16`.`a` > 1) or (`test`.`t16`.`b` > 1))
explain select * from t16 where (a > 1) || (b > 1);
id	select_type	table	partitions	type	possible_keys	key	key_len	ref	rows	filtered	Extra
1	SIMPLE	t16	NULL	ALL	NULL	NULL	NULL	NULL	3	55.56	Using where; Using pushed condition ((`test`.`t16`.`a` > 1) or (`test`.`t16`.`b` > 1))
Warnings:
Warning	1287	'|| as a synonym for OR' is deprecated and will be removed in a future release. Please use OR instead
Note	1003	/* select#1 */ select `test`.`t16`.`a` AS `a`,`test`.`t16`.`b` AS `b` from `test`.`t16` where ((`test`.`t16`.`a` > 1) or (`test`.`t16`.`b` > 1))
explain select * from t16 where ((a > 1) and (b > 1)) < 1;
id	select_type	table	partitions	type	possible_keys	key	key_len	ref	rows	filtered	Extra
1	SIMPLE	t16	NULL	ALL	NULL	NULL	NULL	NULL	3	100.00	Using where
Warnings:
Note	1003	/* select#1 */ select `test`.`t16`.`a` AS `a`,`test`.`t16`.`b` AS `b` from `test`.`t16` where (((`test`.`t16`.`a` > 1) and (`test`.`t16`.`b` > 1)) < 1)
explain select * from t16 where ((a > 1) + (b > 1)) > 1;
id	select_type	table	partitions	type	possible_keys	key	key_len	ref	rows	filtered	Extra
1	SIMPLE	t16	NULL	ALL	NULL	NULL	NULL	NULL	3	100.00	Using where
Warnings:
Note	1003	/* select#1 */ select `test`.`t16`.`a` AS `a`,`test`.`t16`.`b` AS `b` from `test`.`t16` where (((`test`.`t16`.`a` > 1) + (`test`.`t16`.`b` > 1)) > 1)
explain select * from t16 where ((a > 1) XOR (b > 1)) < 1;
id	select_type	table	partitions	type	possible_keys	key	key_len	ref	rows	filtered	Extra
1	SIMPLE	t16	NULL	ALL	NULL	NULL	NULL	NULL	3	100.00	Using where
Warnings:
Note	1003	/* select#1 */ select `test`.`t16`.`a` AS `a`,`test`.`t16`.`b` AS `b` from `test`.`t16` where (((`test`.`t16`.`a` > 1) xor (`test`.`t16`.`b` > 1)) < 1)
explain select * from t16 where a = 2 is null;
id	select_type	table	partitions	type	possible_keys	key	key_len	ref	rows	filtered	Extra
1	SIMPLE	t16	NULL	ALL	NULL	NULL	NULL	NULL	3	100.00	Using where
Warnings:
Note	1003	/* select#1 */ select `test`.`t16`.`a` AS `a`,`test`.`t16`.`b` AS `b` from `test`.`t16` where ((`test`.`t16`.`a` = 2) is null)
explain select * from t16 where a = 2 = null;
id	select_type	table	partitions	type	possible_keys	key	key_len	ref	rows	filtered	Extra
1	SIMPLE	t16	NULL	ALL	NULL	NULL	NULL	NULL	3	100.00	Using where
Warnings:
Note	1003	/* select#1 */ select `test`.`t16`.`a` AS `a`,`test`.`t16`.`b` AS `b` from `test`.`t16` where ((`test`.`t16`.`a` = 2) = NULL)
explain select * from t16 where a <=> NULL = 1;
id	select_type	table	partitions	type	possible_keys	key	key_len	ref	rows	filtered	Extra
1	SIMPLE	t16	NULL	ALL	NULL	NULL	NULL	NULL	3	100.00	Using where
Warnings:
Note	1003	/* select#1 */ select `test`.`t16`.`a` AS `a`,`test`.`t16`.`b` AS `b` from `test`.`t16` where ((`test`.`t16`.`a` <=> NULL) = 1)
explain select * from t16 where a + (-2) >= 0;
id	select_type	table	partitions	type	possible_keys	key	key_len	ref	rows	filtered	Extra
1	SIMPLE	t16	NULL	ALL	NULL	NULL	NULL	NULL	3	100.00	Using where; Using pushed condition ((`test`.`t16`.`a` + <cache>(-(2))) >= 0)
Warnings:
Note	1003	/* select#1 */ select `test`.`t16`.`a` AS `a`,`test`.`t16`.`b` AS `b` from `test`.`t16` where ((`test`.`t16`.`a` + <cache>(-(2))) >= 0)
create table t17 (a int, b int GENERATED ALWAYS AS (a + 1));
insert into t17(a) values (NULL),(1),(2),(3),(4),(5),(6),(7),(8),(9),(10);
explain select * from t17 where a > 1;
id	select_type	table	partitions	type	possible_keys	key	key_len	ref	rows	filtered	Extra
1	SIMPLE	t17	NULL	ALL	NULL	NULL	NULL	NULL	3	33.33	Using where; Using pushed condition (`test`.`t17`.`a` > 1)
Warnings:
Note	1003	/* select#1 */ select `test`.`t17`.`a` AS `a`,`test`.`t17`.`b` AS `b` from `test`.`t17` where (`test`.`t17`.`a` > 1)
explain select * from t17 where b > 1;
id	select_type	table	partitions	type	possible_keys	key	key_len	ref	rows	filtered	Extra
1	SIMPLE	t17	NULL	ALL	NULL	NULL	NULL	NULL	3	33.33	Using where
Warnings:
Note	1003	/* select#1 */ select `test`.`t17`.`a` AS `a`,`test`.`t17`.`b` AS `b` from `test`.`t17` where (`test`.`t17`.`b` > 1)
explain select * from t17 where (a > 1) AND (b > 1);
id	select_type	table	partitions	type	possible_keys	key	key_len	ref	rows	filtered	Extra
1	SIMPLE	t17	NULL	ALL	NULL	NULL	NULL	NULL	3	33.33	Using where; Using pushed condition (`test`.`t17`.`a` > 1)
Warnings:
Note	1003	/* select#1 */ select `test`.`t17`.`a` AS `a`,`test`.`t17`.`b` AS `b` from `test`.`t17` where ((`test`.`t17`.`a` > 1) and (`test`.`t17`.`b` > 1))
explain select * from t17 where (a > 1) OR (b > 1);
id	select_type	table	partitions	type	possible_keys	key	key_len	ref	rows	filtered	Extra
1	SIMPLE	t17	NULL	ALL	NULL	NULL	NULL	NULL	3	55.56	Using where
Warnings:
Note	1003	/* select#1 */ select `test`.`t17`.`a` AS `a`,`test`.`t17`.`b` AS `b` from `test`.`t17` where ((`test`.`t17`.`a` > 1) or (`test`.`t17`.`b` > 1))
explain select * from t17 where ((a > 1) AND (b > 1)) = 1;
id	select_type	table	partitions	type	possible_keys	key	key_len	ref	rows	filtered	Extra
1	SIMPLE	t17	NULL	ALL	NULL	NULL	NULL	NULL	3	100.00	Using where
Warnings:
Note	1003	/* select#1 */ select `test`.`t17`.`a` AS `a`,`test`.`t17`.`b` AS `b` from `test`.`t17` where (((`test`.`t17`.`a` > 1) and (`test`.`t17`.`b` > 1)) = 1)
explain select * from t17 where ((a > 1) OR (b > 1)) = 1;
id	select_type	table	partitions	type	possible_keys	key	key_len	ref	rows	filtered	Extra
1	SIMPLE	t17	NULL	ALL	NULL	NULL	NULL	NULL	3	100.00	Using where
Warnings:
Note	1003	/* select#1 */ select `test`.`t17`.`a` AS `a`,`test`.`t17`.`b` AS `b` from `test`.`t17` where (((`test`.`t17`.`a` > 1) or (`test`.`t17`.`b` > 1)) = 1)
explain select * from t17 where (a < 5) AND (a > 1) AND (b > 1);
id	select_type	table	partitions	type	possible_keys	key	key_len	ref	rows	filtered	Extra
1	SIMPLE	t17	NULL	ALL	NULL	NULL	NULL	NULL	3	33.33	Using where; Using pushed condition ((`test`.`t17`.`a` < 5) and (`test`.`t17`.`a` > 1))
Warnings:
Note	1003	/* select#1 */ select `test`.`t17`.`a` AS `a`,`test`.`t17`.`b` AS `b` from `test`.`t17` where ((`test`.`t17`.`a` < 5) and (`test`.`t17`.`a` > 1) and (`test`.`t17`.`b` > 1))
explain select * from t17 where (a < 5) AND (a > 1) OR (b > 1);
id	select_type	table	partitions	type	possible_keys	key	key_len	ref	rows	filtered	Extra
1	SIMPLE	t17	NULL	ALL	NULL	NULL	NULL	NULL	3	40.74	Using where
Warnings:
Note	1003	/* select#1 */ select `test`.`t17`.`a` AS `a`,`test`.`t17`.`b` AS `b` from `test`.`t17` where (((`test`.`t17`.`a` < 5) and (`test`.`t17`.`a` > 1)) or (`test`.`t17`.`b` > 1))
explain select * from t17 where (a < 5) AND ((a > 1) OR (b > 1));
id	select_type	table	partitions	type	possible_keys	key	key_len	ref	rows	filtered	Extra
1	SIMPLE	t17	NULL	ALL	NULL	NULL	NULL	NULL	3	33.33	Using where; Using pushed condition (`test`.`t17`.`a` < 5)
Warnings:
Note	1003	/* select#1 */ select `test`.`t17`.`a` AS `a`,`test`.`t17`.`b` AS `b` from `test`.`t17` where ((`test`.`t17`.`a` < 5) and ((`test`.`t17`.`a` > 1) or (`test`.`t17`.`b` > 1)))
explain select * from t17 where (a < 2) OR (a > 8) OR (b > 1);
id	select_type	table	partitions	type	possible_keys	key	key_len	ref	rows	filtered	Extra
1	SIMPLE	t17	NULL	ALL	NULL	NULL	NULL	NULL	3	70.37	Using where
Warnings:
Note	1003	/* select#1 */ select `test`.`t17`.`a` AS `a`,`test`.`t17`.`b` AS `b` from `test`.`t17` where ((`test`.`t17`.`a` < 2) or (`test`.`t17`.`a` > 8) or (`test`.`t17`.`b` > 1))
explain select * from t17 where (a < 2) OR (a > 8) AND (b > 1);
id	select_type	table	partitions	type	possible_keys	key	key_len	ref	rows	filtered	Extra
1	SIMPLE	t17	NULL	ALL	NULL	NULL	NULL	NULL	3	40.74	Using where; Using pushed condition ((`test`.`t17`.`a` < 2) or (`test`.`t17`.`a` > 8))
Warnings:
Note	1003	/* select#1 */ select `test`.`t17`.`a` AS `a`,`test`.`t17`.`b` AS `b` from `test`.`t17` where ((`test`.`t17`.`a` < 2) or ((`test`.`t17`.`a` > 8) and (`test`.`t17`.`b` > 1)))
explain select * from t17 where ((a < 2) OR (a > 8)) AND (b > 1);
id	select_type	table	partitions	type	possible_keys	key	key_len	ref	rows	filtered	Extra
1	SIMPLE	t17	NULL	ALL	NULL	NULL	NULL	NULL	3	33.33	Using where; Using pushed condition ((`test`.`t17`.`a` < 2) or (`test`.`t17`.`a` > 8))
Warnings:
Note	1003	/* select#1 */ select `test`.`t17`.`a` AS `a`,`test`.`t17`.`b` AS `b` from `test`.`t17` where (((`test`.`t17`.`a` < 2) or (`test`.`t17`.`a` > 8)) and (`test`.`t17`.`b` > 1))
explain select * from t17 where (a < 2) OR ((a > 8) OR (b > 1));
id	select_type	table	partitions	type	possible_keys	key	key_len	ref	rows	filtered	Extra
1	SIMPLE	t17	NULL	ALL	NULL	NULL	NULL	NULL	3	70.37	Using where
Warnings:
Note	1003	/* select#1 */ select `test`.`t17`.`a` AS `a`,`test`.`t17`.`b` AS `b` from `test`.`t17` where ((`test`.`t17`.`a` < 2) or (`test`.`t17`.`a` > 8) or (`test`.`t17`.`b` > 1))
CREATE TABLE t18(c1 int, c2 int, key(c1,c2));
INSERT INTO t18 VALUES (94,94),(64,64),(69,69),(97,97);
explain select * from t18;
id	select_type	table	partitions	type	possible_keys	key	key_len	ref	rows	filtered	Extra
1	SIMPLE	t18	NULL	index	NULL	c1	10	NULL	3	100.00	Using index
Warnings:
Note	1003	/* select#1 */ select `test`.`t18`.`c1` AS `c1`,`test`.`t18`.`c2` AS `c2` from `test`.`t18`
drop table t1;
drop table t16;
drop table t17;
drop table t18;
create table tb_cache(a int);
insert into tb_cache values(null);
insert into tb_cache values(1);
insert into tb_cache values(0);
prepare stmt1 from 'explain select a from tb_cache where a <=> ?';
set @arg1 = null;
execute stmt1 using @arg1;
id	select_type	table	partitions	type	possible_keys	key	key_len	ref	rows	filtered	Extra
1	SIMPLE	tb_cache	NULL	ALL	NULL	NULL	NULL	NULL	3	33.33	Using where; Using pushed condition (`test`.`tb_cache`.`a` <=> <cache>(NULL))
Warnings:
Note	1003	/* select#1 */ select `test`.`tb_cache`.`a` AS `a` from `test`.`tb_cache` where (`test`.`tb_cache`.`a` <=> <cache>(NULL))
set @arg2 = 1;
execute stmt1 using @arg2;
id	select_type	table	partitions	type	possible_keys	key	key_len	ref	rows	filtered	Extra
1	SIMPLE	tb_cache	NULL	ALL	NULL	NULL	NULL	NULL	3	33.33	Using where; Using pushed condition (`test`.`tb_cache`.`a` <=> <cache>(1))
Warnings:
Note	1003	/* select#1 */ select `test`.`tb_cache`.`a` AS `a` from `test`.`tb_cache` where (`test`.`tb_cache`.`a` <=> <cache>(1))
set @arg3 = 'a';
execute stmt1 using @arg3;
id	select_type	table	partitions	type	possible_keys	key	key_len	ref	rows	filtered	Extra
1	SIMPLE	tb_cache	NULL	ALL	NULL	NULL	NULL	NULL	3	33.33	Using where; Using pushed condition (`test`.`tb_cache`.`a` <=> <cache>('a'))
Warnings:
Warning	1292	Truncated incorrect INTEGER value: 'a'
Warning	1292	Truncated incorrect INTEGER value: 'a'
Note	1003	/* select#1 */ select `test`.`tb_cache`.`a` AS `a` from `test`.`tb_cache` where (`test`.`tb_cache`.`a` <=> <cache>('a'))
drop table tb_cache;
