drop table if exists DEMO;
drop table if exists t1;
create table t1 (a int, b varchar(9000) default '');
show create table t1;
Table	Create Table
t1	CREATE TABLE `t1` (
  `a` int DEFAULT NULL,
  `b` varchar(9000) DEFAULT ''
) ENGINE=CTC DEFAULT CHARSET=utf8mb4 COLLATE=utf8mb4_0900_ai_ci
insert into t1 values (1, repeat('a',8700)), (2, repeat('b',8800)), (3, repeat('c',9000)), (4, repeat('a',8700));
select count(*) from t1;
count(*)
4
alter table t1 add index idx (a);
select a from t1 where a=1;
a
1
alter table t1 add index idb (b(768));
select count(b) from t1 where b=repeat('a',8700);
count(b)
2
alter table t1 add column c varchar(6400) default 'adbwedewdwed';
select c from t1;
c
adbwedewdwed
adbwedewdwed
adbwedewdwed
adbwedewdwed
drop table t1;
create table t1 (a int, b varchar(6000) default '');
show create table t1;
Table	Create Table
t1	CREATE TABLE `t1` (
  `a` int DEFAULT NULL,
  `b` varchar(6000) DEFAULT ''
) ENGINE=CTC DEFAULT CHARSET=utf8mb4 COLLATE=utf8mb4_0900_ai_ci
insert into t1 values (1, repeat('a',5700)), (2, repeat('b',5800)), (3, repeat('c',6000)), (4, repeat('b',5800));
select count(*) from t1;
count(*)
4
alter table t1 add index idx (a);
select a from t1 where a=1;
a
1
alter table t1 add index idb (b(768));
select count(b) from t1 where b=repeat('b',5800);
count(b)
2
alter table t1 add column c varchar(6400) default 'adbwedewdwed';
select c from t1;
c
adbwedewdwed
adbwedewdwed
adbwedewdwed
adbwedewdwed
drop table t1;
create table t1 (a int, b varchar(600) default '');
show create table t1;
Table	Create Table
t1	CREATE TABLE `t1` (
  `a` int DEFAULT NULL,
  `b` varchar(600) DEFAULT ''
) ENGINE=CTC DEFAULT CHARSET=utf8mb4 COLLATE=utf8mb4_0900_ai_ci
insert into t1 values (1, repeat('a',570)), (2, repeat('b',580)), (3, repeat('c',600)), (4, repeat('c',600));
select count(*) from t1;
count(*)
4
alter table t1 add index idx (a);
select a from t1 where a=1;
a
1
alter table t1 add index idb (b(200));
select count(b) from t1 where b=repeat('c',600);
count(b)
2
alter table t1 add column c varchar(6400) default 'adbwedewdwed';
select c from t1;
c
adbwedewdwed
adbwedewdwed
adbwedewdwed
adbwedewdwed
drop table t1;
create table t1(i int,a varchar(10),b varchar(1000),c varchar(10000));
show create table t1;
Table	Create Table
t1	CREATE TABLE `t1` (
  `i` int DEFAULT NULL,
  `a` varchar(10) DEFAULT NULL,
  `b` varchar(1000) DEFAULT NULL,
  `c` varchar(10000) DEFAULT NULL
) ENGINE=CTC DEFAULT CHARSET=utf8mb4 COLLATE=utf8mb4_0900_ai_ci
insert into t1(i,a,b,c) values(1,'a',repeat('a',1000),repeat('a',10000));
select length(c) from t1;
length(c)
10000
alter table t1 drop b, drop c;
select * from t1;
i	a
1	a
alter table t1 add column b varchar(10000),add column c varchar(1000);
show create table t1;
Table	Create Table
t1	CREATE TABLE `t1` (
  `i` int DEFAULT NULL,
  `a` varchar(10) DEFAULT NULL,
  `b` varchar(10000) DEFAULT NULL,
  `c` varchar(1000) DEFAULT NULL
) ENGINE=CTC DEFAULT CHARSET=utf8mb4 COLLATE=utf8mb4_0900_ai_ci
DROP PROCEDURE  IF EXISTS insert_data_test1;
Warnings:
Note	1305	PROCEDURE test.insert_data_test1 does not exist
CREATE PROCEDURE insert_data_test1()
BEGIN
DECLARE k INT DEFAULT 1;
WHILE k <= 10000 DO
INSERT INTO t1(i,b,c,a) values(k,repeat('a',10000),repeat('a',1000),'a');
SET k = k + 1;
END WHILE;
END//
CALL insert_data_test1();
select length(b),length(c) from t1 limit 9990,10000;
length(b)	length(c)
10000	1000
10000	1000
10000	1000
10000	1000
10000	1000
10000	1000
10000	1000
10000	1000
10000	1000
10000	1000
10000	1000
alter table t1 drop c;
select length(b) from t1 limit 9990,10000;
length(b)
10000
10000
10000
10000
10000
10000
10000
10000
10000
10000
10000
DROP PROCEDURE insert_data_test1;
drop table t1;
create table t1(i int,a varchar(10),b varchar(10000),c varchar(1000));
show create table t1;
Table	Create Table
t1	CREATE TABLE `t1` (
  `i` int DEFAULT NULL,
  `a` varchar(10) DEFAULT NULL,
  `b` varchar(10000) DEFAULT NULL,
  `c` varchar(1000) DEFAULT NULL
) ENGINE=CTC DEFAULT CHARSET=utf8mb4 COLLATE=utf8mb4_0900_ai_ci
insert into t1(i,a,b,c) values(1,'a',repeat('a',10000),repeat('a',1000));
select length(b) from t1;
length(b)
10000
alter table t1 drop a, drop c;
select length(b) from t1;
length(b)
10000
alter table t1 add column a varchar(1000),add column c varchar(10);
show create table t1;
Table	Create Table
t1	CREATE TABLE `t1` (
  `i` int DEFAULT NULL,
  `b` varchar(10000) DEFAULT NULL,
  `a` varchar(1000) DEFAULT NULL,
  `c` varchar(10) DEFAULT NULL
) ENGINE=CTC DEFAULT CHARSET=utf8mb4 COLLATE=utf8mb4_0900_ai_ci
DROP PROCEDURE  IF EXISTS insert_data_test1;
Warnings:
Note	1305	PROCEDURE test.insert_data_test1 does not exist
CREATE PROCEDURE insert_data_test1()
BEGIN
DECLARE k INT DEFAULT 1;
WHILE k <= 10000 DO
INSERT INTO t1(i,b,c,a) values(k,repeat('a',10000),'a',repeat('a',1000));
SET k = k + 1;
END WHILE;
END//
CALL insert_data_test1();
select length(b),length(a) from t1 limit 9990,10000;
length(b)	length(a)
10000	1000
10000	1000
10000	1000
10000	1000
10000	1000
10000	1000
10000	1000
10000	1000
10000	1000
10000	1000
10000	1000
alter table t1 drop c;
select length(b) from t1 limit 9990,10000;
length(b)
10000
10000
10000
10000
10000
10000
10000
10000
10000
10000
10000
DROP PROCEDURE insert_data_test1;
drop table t1;
create table t1(a tinytext, b text, c mediumtext, d longtext);
show create table t1;
Table	Create Table
t1	CREATE TABLE `t1` (
  `a` tinytext,
  `b` text,
  `c` mediumtext,
  `d` longtext
) ENGINE=CTC DEFAULT CHARSET=utf8mb4 COLLATE=utf8mb4_0900_ai_ci
alter table t1 modify a varchar(10000);
show create table t1;
Table	Create Table
t1	CREATE TABLE `t1` (
  `a` varchar(10000) DEFAULT NULL,
  `b` text,
  `c` mediumtext,
  `d` longtext
) ENGINE=CTC DEFAULT CHARSET=utf8mb4 COLLATE=utf8mb4_0900_ai_ci
alter table t1 modify a tinytext;
show create table t1;
Table	Create Table
t1	CREATE TABLE `t1` (
  `a` tinytext,
  `b` text,
  `c` mediumtext,
  `d` longtext
) ENGINE=CTC DEFAULT CHARSET=utf8mb4 COLLATE=utf8mb4_0900_ai_ci
alter table t1 modify b varchar(10000);
show create table t1;
Table	Create Table
t1	CREATE TABLE `t1` (
  `a` tinytext,
  `b` varchar(10000) DEFAULT NULL,
  `c` mediumtext,
  `d` longtext
) ENGINE=CTC DEFAULT CHARSET=utf8mb4 COLLATE=utf8mb4_0900_ai_ci
alter table t1 modify b text;
show create table t1;
Table	Create Table
t1	CREATE TABLE `t1` (
  `a` tinytext,
  `b` text,
  `c` mediumtext,
  `d` longtext
) ENGINE=CTC DEFAULT CHARSET=utf8mb4 COLLATE=utf8mb4_0900_ai_ci
alter table t1 modify c varchar(10000);
show create table t1;
Table	Create Table
t1	CREATE TABLE `t1` (
  `a` tinytext,
  `b` text,
  `c` varchar(10000) DEFAULT NULL,
  `d` longtext
) ENGINE=CTC DEFAULT CHARSET=utf8mb4 COLLATE=utf8mb4_0900_ai_ci
alter table t1 modify c mediumtext;
show create table t1;
Table	Create Table
t1	CREATE TABLE `t1` (
  `a` tinytext,
  `b` text,
  `c` mediumtext,
  `d` longtext
) ENGINE=CTC DEFAULT CHARSET=utf8mb4 COLLATE=utf8mb4_0900_ai_ci
alter table t1 modify d varchar(10000);
show create table t1;
Table	Create Table
t1	CREATE TABLE `t1` (
  `a` tinytext,
  `b` text,
  `c` mediumtext,
  `d` varchar(10000) DEFAULT NULL
) ENGINE=CTC DEFAULT CHARSET=utf8mb4 COLLATE=utf8mb4_0900_ai_ci
alter table t1 modify d longtext;
show create table t1;
Table	Create Table
t1	CREATE TABLE `t1` (
  `a` tinytext,
  `b` text,
  `c` mediumtext,
  `d` longtext
) ENGINE=CTC DEFAULT CHARSET=utf8mb4 COLLATE=utf8mb4_0900_ai_ci
DROP PROCEDURE  IF EXISTS insert_data_test1;
Warnings:
Note	1305	PROCEDURE test.insert_data_test1 does not exist
CREATE PROCEDURE insert_data_test1()
BEGIN
DECLARE k INT DEFAULT 1;
WHILE k <= 10000 DO
INSERT INTO t1(a,b,c,d) values(repeat('a',255),repeat('b',1000),repeat('c',1000),repeat('d',1000));
SET k = k + 1;
END WHILE;
END//
CALL insert_data_test1();
select length(a),length(b),length(c),length(d) from t1 limit 9996,10000;
length(a)	length(b)	length(c)	length(d)
255	1000	1000	1000
255	1000	1000	1000
255	1000	1000	1000
255	1000	1000	1000
truncate table t1;
alter table t1 modify a varchar(1000);
show create table t1;
Table	Create Table
t1	CREATE TABLE `t1` (
  `a` varchar(1000) DEFAULT NULL,
  `b` text,
  `c` mediumtext,
  `d` longtext
) ENGINE=CTC DEFAULT CHARSET=utf8mb4 COLLATE=utf8mb4_0900_ai_ci
DROP PROCEDURE  IF EXISTS insert_data_test1;
CREATE PROCEDURE insert_data_test1()
BEGIN
DECLARE k INT DEFAULT 1;
WHILE k <= 10000 DO
INSERT INTO t1(a,b,c,d) values(repeat('a',1000),repeat('b',1000),repeat('c',1000),repeat('d',1000));
SET k = k + 1;
END WHILE;
END//
CALL insert_data_test1();
select length(a),length(b),length(c),length(d) from t1 limit 9986,9990;
length(a)	length(b)	length(c)	length(d)
1000	1000	1000	1000
1000	1000	1000	1000
1000	1000	1000	1000
1000	1000	1000	1000
1000	1000	1000	1000
1000	1000	1000	1000
1000	1000	1000	1000
1000	1000	1000	1000
1000	1000	1000	1000
1000	1000	1000	1000
1000	1000	1000	1000
1000	1000	1000	1000
1000	1000	1000	1000
1000	1000	1000	1000
drop table t1;
create table t1(a varchar(10000), b varchar(100));
show create table t1;
Table	Create Table
t1	CREATE TABLE `t1` (
  `a` varchar(10000) DEFAULT NULL,
  `b` varchar(100) DEFAULT NULL
) ENGINE=CTC DEFAULT CHARSET=utf8mb4 COLLATE=utf8mb4_0900_ai_ci
DROP PROCEDURE  IF EXISTS insert_data_test1;
CREATE PROCEDURE insert_data_test1()
BEGIN
DECLARE k INT DEFAULT 1;
WHILE k <= 10000 DO
INSERT INTO t1(a,b) values(repeat('a',10000),repeat('b',100));
SET k = k + 1;
END WHILE;
END//
CALL insert_data_test1();
truncate table t1;
alter table t1 modify a tinytext;
alter table t1 modify a text;
alter table t1 modify a mediumtext;
alter table t1 modify a longtext;
alter table t1 modify b tinytext;
alter table t1 modify b text;
alter table t1 modify b mediumtext;
alter table t1 modify b longtext;
show create table t1;
Table	Create Table
t1	CREATE TABLE `t1` (
  `a` longtext,
  `b` longtext
) ENGINE=CTC DEFAULT CHARSET=utf8mb4 COLLATE=utf8mb4_0900_ai_ci
DROP PROCEDURE insert_data_test1;
drop table t1;
create table t1(a int, b text, key(a));
show create table t1;
Table	Create Table
t1	CREATE TABLE `t1` (
  `a` int DEFAULT NULL,
  `b` text,
  KEY `a` (`a`)
) ENGINE=CTC DEFAULT CHARSET=utf8mb4 COLLATE=utf8mb4_0900_ai_ci
insert into t1 values(1,repeat('a',3900)),(2,repeat('b',3700)),(3,repeat('e',4700));
CREATE INDEX idxb ON t1(b(700));
show create table t1;
Table	Create Table
t1	CREATE TABLE `t1` (
  `a` int DEFAULT NULL,
  `b` text,
  KEY `a` (`a`),
  KEY `idxb` (`b`(700))
) ENGINE=CTC DEFAULT CHARSET=utf8mb4 COLLATE=utf8mb4_0900_ai_ci
select length(b) from t1 where b=repeat('b',3700);
length(b)
3700
select a,length(b) from t1 where a<3;
a	length(b)
1	3900
2	3700
alter table t1 add column c blob;
alter table t1 add index idxc(c(280));
show create table t1;
Table	Create Table
t1	CREATE TABLE `t1` (
  `a` int DEFAULT NULL,
  `b` text,
  `c` blob,
  KEY `a` (`a`),
  KEY `idxb` (`b`(700)),
  KEY `idxc` (`c`(280))
) ENGINE=CTC DEFAULT CHARSET=utf8mb4 COLLATE=utf8mb4_0900_ai_ci
insert into t1 values(4,repeat('a',3900),repeat('o',2900)),(5,repeat('b',3700),repeat('p',5900)),(6,repeat('e',4700),repeat('q',6700));
select length(b) from t1 where b=repeat('b',3700);
length(b)
3700
3700
select length(c) from t1 where c=repeat('p',5900);
length(c)
5900
select a,length(b),length(c) from t1 where  a>=1 and a<5;
a	length(b)	length(c)
1	3900	NULL
2	3700	NULL
3	4700	NULL
4	3900	2900
drop table t1;
