set default_storage_engine=CTC;
set default_storage_engine=InnoDB;
ERROR HY000: Once the CTC is loaded, it must be set as the default engine. To modify the setting, uninstall the CTC first.
set default_storage_engine=innodb;
ERROR HY000: Once the CTC is loaded, it must be set as the default engine. To modify the setting, uninstall the CTC first.
set default_storage_engine=innodb1;
ERROR HY000: Once the CTC is loaded, it must be set as the default engine. To modify the setting, uninstall the CTC first.
set default_storage_engine=MyISAM;
ERROR HY000: Once the CTC is loaded, it must be set as the default engine. To modify the setting, uninstall the CTC first.
set default_storage_engine=CTC;
set default_storage_engine=CTC;
create database demo_db_tmp;
use demo_db_tmp;
create table CTC_DEMO (ID integer not null, NAME varchar(19), AGE integer, GRADE real);
INSERT INTO CTC_DEMO values(30,'DEMO',21,23);
insert into CTC_DEMO values (1, 'DEMO', 35, 6.9);
select * from CTC_DEMO;
ID	NAME	AGE	GRADE
30	DEMO	21	23
1	DEMO	35	6.9
show create table CTC_DEMO;
Table	Create Table
CTC_DEMO	CREATE TABLE `CTC_DEMO` (
  `ID` int NOT NULL,
  `NAME` varchar(19) DEFAULT NULL,
  `AGE` int DEFAULT NULL,
  `GRADE` double DEFAULT NULL
) ENGINE=CTC DEFAULT CHARSET=utf8mb4 COLLATE=utf8mb4_0900_ai_ci
create table InnoDB_DEMO (ID integer not null, NAME varchar(19), AGE integer, GRADE real) engine = InnoDB1;
ERROR 42000: Unknown storage engine 'InnoDB1'
create table InnoDB_DEMO (ID integer not null, NAME varchar(19), AGE integer, GRADE real) engine = InnoDB;
ERROR HY000: Once the CTC is loaded, it must be used as the default engine. To specify other engine for table, uninstall the CTC first.
create table MyISAM_DEMO (ID integer not null, NAME varchar(19), AGE integer, GRADE real) engine = MyISAM;
ERROR HY000: Once the CTC is loaded, it must be used as the default engine. To specify other engine for table, uninstall the CTC first.
create table InnoDB_DEMO (ID integer not null, NAME varchar(19), AGE integer, GRADE real) engine = CTC;
show create table CTC_DEMO;
Table	Create Table
CTC_DEMO	CREATE TABLE `CTC_DEMO` (
  `ID` int NOT NULL,
  `NAME` varchar(19) DEFAULT NULL,
  `AGE` int DEFAULT NULL,
  `GRADE` double DEFAULT NULL
) ENGINE=CTC DEFAULT CHARSET=utf8mb4 COLLATE=utf8mb4_0900_ai_ci
alter table CTC_DEMO engine=InnoDB;
ERROR HY000: Once the CTC is loaded, it must be used as the default engine. To specify other engine for table, uninstall the CTC first.
show create table CTC_DEMO;
Table	Create Table
CTC_DEMO	CREATE TABLE `CTC_DEMO` (
  `ID` int NOT NULL,
  `NAME` varchar(19) DEFAULT NULL,
  `AGE` int DEFAULT NULL,
  `GRADE` double DEFAULT NULL
) ENGINE=CTC DEFAULT CHARSET=utf8mb4 COLLATE=utf8mb4_0900_ai_ci
alter table CTC_DEMO engine=MyISAM;
ERROR HY000: Once the CTC is loaded, it must be used as the default engine. To specify other engine for table, uninstall the CTC first.
show create table CTC_DEMO;
Table	Create Table
CTC_DEMO	CREATE TABLE `CTC_DEMO` (
  `ID` int NOT NULL,
  `NAME` varchar(19) DEFAULT NULL,
  `AGE` int DEFAULT NULL,
  `GRADE` double DEFAULT NULL
) ENGINE=CTC DEFAULT CHARSET=utf8mb4 COLLATE=utf8mb4_0900_ai_ci
alter table CTC_DEMO engine=CTC;
show create table CTC_DEMO;
Table	Create Table
CTC_DEMO	CREATE TABLE `CTC_DEMO` (
  `ID` int NOT NULL,
  `NAME` varchar(19) DEFAULT NULL,
  `AGE` int DEFAULT NULL,
  `GRADE` double DEFAULT NULL
) ENGINE=CTC DEFAULT CHARSET=utf8mb4 COLLATE=utf8mb4_0900_ai_ci
select * from CTC_DEMO;
ID	NAME	AGE	GRADE
30	DEMO	21	23
1	DEMO	35	6.9
drop database demo_db_tmp;
