drop table if exists t1;
create table t1 (c enum('x1','x2','x3','x4'), index idx_c(c));
insert into t1 values ('x1');
insert into t1 values ('x2');
insert into t1 values ('x2');
insert into t1 values ('x3');
insert into t1 values ('x3');
insert into t1 values ('x3');
insert into t1 values ('x4');
insert into t1 values ('x4');
insert into t1 values ('x4');
insert into t1 values ('x4');
analyze table t1;
Table	Op	Msg_type	Msg_text
test.t1	analyze	status	OK
explain select * from t1 where c = 'x1';
id	select_type	table	partitions	type	possible_keys	key	key_len	ref	rows	filtered	Extra
1	SIMPLE	t1	NULL	ref	idx_c	idx_c	2	const	1	100.00	Using where; Using index
Warnings:
Note	1003	/* select#1 */ select `test`.`t1`.`c` AS `c` from `test`.`t1` where (`test`.`t1`.`c` = 'x1')
explain select * from t1 where c = 'x2';
id	select_type	table	partitions	type	possible_keys	key	key_len	ref	rows	filtered	Extra
1	SIMPLE	t1	NULL	ref	idx_c	idx_c	2	const	2	100.00	Using where; Using index
Warnings:
Note	1003	/* select#1 */ select `test`.`t1`.`c` AS `c` from `test`.`t1` where (`test`.`t1`.`c` = 'x2')
explain select * from t1 where c = 'x3';
id	select_type	table	partitions	type	possible_keys	key	key_len	ref	rows	filtered	Extra
1	SIMPLE	t1	NULL	ref	idx_c	idx_c	2	const	3	100.00	Using where; Using index
Warnings:
Note	1003	/* select#1 */ select `test`.`t1`.`c` AS `c` from `test`.`t1` where (`test`.`t1`.`c` = 'x3')
explain select * from t1 where c = 'x4';
id	select_type	table	partitions	type	possible_keys	key	key_len	ref	rows	filtered	Extra
1	SIMPLE	t1	NULL	ref	idx_c	idx_c	2	const	4	100.00	Using where; Using index
Warnings:
Note	1003	/* select#1 */ select `test`.`t1`.`c` AS `c` from `test`.`t1` where (`test`.`t1`.`c` = 'x4')
drop table t1;
