drop table if exists DEMO;
drop table if exists DEMO2;
create table DEMO (ID integer not null, NAME varchar(20), AGE integer, GRADE real);
DESC DEMO;
Field	Type	Null	Key	Default	Extra
ID	int	NO		NULL	
NAME	varchar(20)	YES		NULL	
AGE	int	YES		NULL	
GRADE	double	YES		NULL	
insert into DEMO values (1, 'LIOR', 35, 6.9);
insert into DEMO values (4, 'MIKE', 55, 99.92);
insert into DEMO values (8, 'ROMAN', 40, 94.1);
insert into DEMO values (16, 'DAN', 60, 1234567890);
insert into DEMO values (32, 'ZVI', 35, 777.666);
insert into DEMO values (1, 'KSLDK', 90, 123.36);
insert into DEMO values (1, 'BILL', 31, 76.1);
select * from DEMO;
ID	NAME	AGE	GRADE
1	LIOR	35	6.9
4	MIKE	55	99.92
8	ROMAN	40	94.1
16	DAN	60	1234567890
32	ZVI	35	777.666
1	KSLDK	90	123.36
1	BILL	31	76.1
create view id_name as select ID, NAME from DEMO where ID = 1;
desc id_name;
Field	Type	Null	Key	Default	Extra
ID	int	NO		NULL	
NAME	varchar(20)	YES		NULL	
select * from id_name;
ID	NAME
1	LIOR
1	KSLDK
1	BILL
insert into DEMO values (2, 'ALEX', 54, 22.45);
insert into DEMO values (7, 'ALICE', 73, 793);
alter view id_name as select NAME, AGE from DEMO;
desc id_name;
Field	Type	Null	Key	Default	Extra
NAME	varchar(20)	YES		NULL	
AGE	int	YES		NULL	
select * from id_name;
NAME	AGE
LIOR	35
MIKE	55
ROMAN	40
DAN	60
ZVI	35
KSLDK	90
BILL	31
ALEX	54
ALICE	73
drop view id_name;
create table DEMO2 (CLASS integer not null, COURSE varchar(20), NAME varchar(20));
DESC DEMO2;
Field	Type	Null	Key	Default	Extra
CLASS	int	NO		NULL	
COURSE	varchar(20)	YES		NULL	
NAME	varchar(20)	YES		NULL	
insert into DEMO2 values (1011, 'CHINESE','LIOR');
insert into DEMO2 values (1016, 'BIOLOGY', 'ALEX');
insert into DEMO2 values (2033, 'HISTORY', 'ALICE');
insert into DEMO2 values (3210, 'PE', 'SS');
create view combine_view as select DEMO.ID, DEMO.NAME, DEMO2.COURSE from DEMO, DEMO2 where DEMO.NAME = DEMO2.NAME;
desc combine_view;
Field	Type	Null	Key	Default	Extra
ID	int	NO		NULL	
NAME	varchar(20)	YES		NULL	
COURSE	varchar(20)	YES		NULL	
select * from combine_view;
ID	NAME	COURSE
1	LIOR	CHINESE
2	ALEX	BIOLOGY
7	ALICE	HISTORY
drop view combine_view;
drop table DEMO;
drop table DEMO2;
