create table t1(c1 int, c2 integer default '0' not null, c3 binary(10) default '' not null key) charset binary;
alter table t1 add column c4 binary(5) default '' not null;
drop table t1;
create table t1(c1 int, c2 integer default '0' not null, c3 binary(10) default '' not null key) charset binary;
insert into t1 values (1, 1, 'a');
insert into t1 values (2, 2, default);
alter table t1 modify c3 binary(20) default '' not null;
select c1, c2, hex(c3), length(c3) from t1 order by c1;
c1	c2	hex(c3)	length(c3)
1	1	6100000000000000000000000000000000000000	20
2	2	0000000000000000000000000000000000000000	20
insert into t1 values (3, 3, '3');
select c1, c2, hex(c3) from t1 order by c1;
c1	c2	hex(c3)
1	1	6100000000000000000000000000000000000000
2	2	0000000000000000000000000000000000000000
3	3	3300000000000000000000000000000000000000
alter table t1 add column c4 binary(5) default 'a' not null;
insert into t1 values (4, 4, 'd', 'd');
select c1, c2, hex(c3), length(c3), hex(c4), length(c4) from t1 order by c1;
c1	c2	hex(c3)	length(c3)	hex(c4)	length(c4)
1	1	6100000000000000000000000000000000000000	20	6100000000	5
2	2	0000000000000000000000000000000000000000	20	6100000000	5
3	3	3300000000000000000000000000000000000000	20	6100000000	5
4	4	6400000000000000000000000000000000000000	20	6400000000	5
create index idx1 on t1(c4);
insert into t1 values (5, 5, 'e', 'e');
select c1, c2, hex(c3), length(c3), hex(c4), length(c4) from t1 order by c1;
c1	c2	hex(c3)	length(c3)	hex(c4)	length(c4)
1	1	6100000000000000000000000000000000000000	20	6100000000	5
2	2	0000000000000000000000000000000000000000	20	6100000000	5
3	3	3300000000000000000000000000000000000000	20	6100000000	5
4	4	6400000000000000000000000000000000000000	20	6400000000	5
5	5	6500000000000000000000000000000000000000	20	6500000000	5
alter table t1 modify c4 binary(10) default null;
insert into t1 values (6, 6, 'f', 'f');
select c1, c2, hex(c3), length(c3), hex(c4), length(c4) from t1 order by c1;
c1	c2	hex(c3)	length(c3)	hex(c4)	length(c4)
1	1	6100000000000000000000000000000000000000	20	61000000000000000000	10
2	2	0000000000000000000000000000000000000000	20	61000000000000000000	10
3	3	3300000000000000000000000000000000000000	20	61000000000000000000	10
4	4	6400000000000000000000000000000000000000	20	64000000000000000000	10
5	5	6500000000000000000000000000000000000000	20	65000000000000000000	10
6	6	6600000000000000000000000000000000000000	20	66000000000000000000	10
drop table t1;
create table t1(c1 int, c2 integer default '0' not null, c3 varchar(10) default 'c3' not null key, c4 varchar(10) default '' not null);
insert into t1 values(1, 1, default, default);
insert into t1 values(2, 2, 'aaa', 'bbb');
select c1, c2, hex(c3), length(c3) from t1 order by c1;
c1	c2	hex(c3)	length(c3)
1	1	6333	2
2	2	616161	3
alter table t1 modify c3 varchar(10) default '' not null;
insert into t1 values(3, 3, default, default);
select c1, c2, hex(c3), length(c3) from t1 order by c1;
c1	c2	hex(c3)	length(c3)
1	1	6333	2
2	2	616161	3
3	3		0
drop table t1;
create table t1(c1 char(2) default '0');
insert into t1 values (default);
insert into t1 values ('1');
select hex(c1) from t1;
hex(c1)
30
31
alter table t1 add column c2 char(4);
insert into t1 values (default, default);
insert into t1 values ('2', '2');
select hex(c1), length(c1), hex(c2), length(c2) from t1;
hex(c1)	length(c1)	hex(c2)	length(c2)
30	1	NULL	NULL
31	1	NULL	NULL
30	1	NULL	NULL
32	1	32	1
alter table t1 add column c3 char(10) default '';
insert into t1 values (default, default, default);
insert into t1 values ('3', '3', '3');
select c1, hex(c1), length(c1), c2, hex(c2), length(c2), c3, hex(c3), length(c3) from t1;
c1	hex(c1)	length(c1)	c2	hex(c2)	length(c2)	c3	hex(c3)	length(c3)
0	30	1	NULL	NULL	NULL			0
1	31	1	NULL	NULL	NULL			0
0	30	1	NULL	NULL	NULL			0
2	32	1	2	32	1			0
0	30	1	NULL	NULL	NULL			0
3	33	1	3	33	1	3	33	1
alter table t1 add column c4 char(10) default ' ';
insert into t1 values (default, default, default, default);
insert into t1 values ('4', '4', '4', '4');
select c1, hex(c1), length(c1), c2, hex(c2), length(c2), c3, hex(c3), length(c3), c4, hex(c4), length(c4) from t1;
c1	hex(c1)	length(c1)	c2	hex(c2)	length(c2)	c3	hex(c3)	length(c3)	c4	hex(c4)	length(c4)
0	30	1	NULL	NULL	NULL			0			0
1	31	1	NULL	NULL	NULL			0			0
0	30	1	NULL	NULL	NULL			0			0
2	32	1	2	32	1			0			0
0	30	1	NULL	NULL	NULL			0			0
3	33	1	3	33	1	3	33	1			0
0	30	1	NULL	NULL	NULL			0			0
4	34	1	4	34	1	4	34	1	4	34	1
select * from t1 where c3 is null;
c1	c2	c3	c4
select * from t1 where c4 is null;
c1	c2	c3	c4
drop table t1;
create table t1(c1 char(2) default '0');
insert into t1 values (default);
insert into t1 values ('1');
select hex(c1) from t1;
hex(c1)
30
31
alter table t1 add column c2 char(4);
select * from t1;
c1	c2
0	NULL
1	NULL
select * from t1 where c2 is null;
c1	c2
0	NULL
1	NULL
insert into t1 values (default, default);
insert into t1 values ('2', '2');
select hex(c1), length(c1), hex(c2), length(c2) from t1;
hex(c1)	length(c1)	hex(c2)	length(c2)
30	1	NULL	NULL
31	1	NULL	NULL
30	1	NULL	NULL
32	1	32	1
alter table t1 add column c3 char(10) default '';
alter table t1 add column c4 char(10) default ' ';
select * from t1 where c3 is null;
c1	c2	c3	c4
select * from t1 where c4 is null;
c1	c2	c3	c4
alter table t1 add column c5 char(10) default 'abc';
select c1, hex(c1), length(c1), c2, hex(c2), length(c2), c3, hex(c3), length(c3), c4, hex(c4), length(c4), c5 from t1;
c1	hex(c1)	length(c1)	c2	hex(c2)	length(c2)	c3	hex(c3)	length(c3)	c4	hex(c4)	length(c4)	c5
0	30	1	NULL	NULL	NULL			0			0	abc
1	31	1	NULL	NULL	NULL			0			0	abc
0	30	1	NULL	NULL	NULL			0			0	abc
2	32	1	2	32	1			0			0	abc
select * from t1 where c3 is null;
c1	c2	c3	c4	c5
select * from t1 where c4 is null;
c1	c2	c3	c4	c5
drop table t1;
CREATE TABLE t1 (c1 int primary key, c2 varchar(10), c3 timestamp default '2003-01-01 00:00:00' on update current_timestamp);
INSERT INTO t1 values (0, "a", null);
INSERT INTO t1 values (1, "b", default);
select c1, c2, c3 from t1;
c1	c2	c3
0	a	NULL
1	b	2003-01-01 00:00:00
REPLACE INTO t1 VALUES (2, "b", null);
select c1, c2, c3 from t1;
c1	c2	c3
0	a	NULL
1	b	2003-01-01 00:00:00
2	b	NULL
INSERT INTO t1 values (3, "c", '2023-03-31 11:10:20');
select c1, c2, c3 from t1;
c1	c2	c3
0	a	NULL
1	b	2003-01-01 00:00:00
2	b	NULL
3	c	2023-03-31 11:10:20
create index idx1 on t1(c2);
INSERT INTO t1 values (4, "d", null);
REPLACE INTO t1 VALUES (5, "e", null);
INSERT INTO t1 values (6, "f", default);
select c1, c2, c3 from t1;
c1	c2	c3
0	a	NULL
1	b	2003-01-01 00:00:00
2	b	NULL
3	c	2023-03-31 11:10:20
4	d	NULL
5	e	NULL
6	f	2003-01-01 00:00:00
alter table t1 modify c3 timestamp default '2000-01-01 08:00:00';
INSERT INTO t1 values (7, "g", default);
select c1, c2, c3 from t1;
c1	c2	c3
0	a	NULL
1	b	2003-01-01 00:00:00
2	b	NULL
3	c	2023-03-31 11:10:20
4	d	NULL
5	e	NULL
6	f	2003-01-01 00:00:00
7	g	2000-01-01 08:00:00
alter table t1 add column c4 timestamp default '2023-03-01' not null;
INSERT INTO t1 values (8, "h", default, default);
INSERT INTO t1 values (9, "i", '2021-10-01 09:11:22', '2021-10-01 09:11:22');
select c1, c2, c3, c4 from t1;
c1	c2	c3	c4
0	a	NULL	2023-03-01 00:00:00
1	b	2003-01-01 00:00:00	2023-03-01 00:00:00
2	b	NULL	2023-03-01 00:00:00
3	c	2023-03-31 11:10:20	2023-03-01 00:00:00
4	d	NULL	2023-03-01 00:00:00
5	e	NULL	2023-03-01 00:00:00
6	f	2003-01-01 00:00:00	2023-03-01 00:00:00
7	g	2000-01-01 08:00:00	2023-03-01 00:00:00
8	h	2000-01-01 08:00:00	2023-03-01 00:00:00
9	i	2021-10-01 09:11:22	2021-10-01 09:11:22
create index idx2 on t1(c1, c2, c3, c4);
INSERT INTO t1 values (10, "j", default, default);
INSERT INTO t1 values (11, "k", '2022-11-11 11:11:11', '2022-11-11 11:11:11');
select c1, c2, c3, c4 from t1;
c1	c2	c3	c4
0	a	NULL	2023-03-01 00:00:00
1	b	2003-01-01 00:00:00	2023-03-01 00:00:00
2	b	NULL	2023-03-01 00:00:00
3	c	2023-03-31 11:10:20	2023-03-01 00:00:00
4	d	NULL	2023-03-01 00:00:00
5	e	NULL	2023-03-01 00:00:00
6	f	2003-01-01 00:00:00	2023-03-01 00:00:00
7	g	2000-01-01 08:00:00	2023-03-01 00:00:00
8	h	2000-01-01 08:00:00	2023-03-01 00:00:00
9	i	2021-10-01 09:11:22	2021-10-01 09:11:22
10	j	2000-01-01 08:00:00	2023-03-01 00:00:00
11	k	2022-11-11 11:11:11	2022-11-11 11:11:11
drop table t1;
CREATE TABLE t1 (c1 int, c2 varchar(10), c3 time default '00:00:00');
INSERT INTO t1 values (1, "a", null);
INSERT INTO t1 values (1, "b", default);
select c1, c2, c3 from t1;
c1	c2	c3
1	a	NULL
1	b	00:00:00
INSERT INTO t1 values (3, "c", '01:01:01');
select c1, c2, c3 from t1;
c1	c2	c3
1	a	NULL
1	b	00:00:00
3	c	01:01:01
create index idx1 on t1(c1);
INSERT INTO t1 values (4, "d", null);
INSERT INTO t1 values (5, "e", default);
select c1, c2, c3 from t1;
c1	c2	c3
1	a	NULL
1	b	00:00:00
3	c	01:01:01
4	d	NULL
5	e	00:00:00
create index idx2 on t1(c1, c2, c3);
INSERT INTO t1 values (6, "f", default);
INSERT INTO t1 values (7, "g", '02:22:22');
select c1, c2, c3 from t1;
c1	c2	c3
1	a	NULL
1	b	00:00:00
3	c	01:01:01
4	d	NULL
5	e	00:00:00
6	f	00:00:00
7	g	02:22:22
alter table t1 modify c3 time default '2000-01-01 08:00:00';
Warnings:
Note	1292	Incorrect time value: '2000-01-01 08:00:00' for column 'c3' at row 1
INSERT INTO t1 values (8, "h", default);
INSERT INTO t1 values (9, "i", '09:09:09');
select c1, c2, c3 from t1;
c1	c2	c3
1	a	NULL
1	b	00:00:00
3	c	01:01:01
4	d	NULL
5	e	00:00:00
6	f	00:00:00
7	g	02:22:22
8	h	08:00:00
9	i	09:09:09
alter table t1 add column c4 timestamp default '2023-03-01' not null;
INSERT INTO t1 values (10, "j", default, default);
INSERT INTO t1 values (11, "k", '11:11:11', '2022-11-11 11:11:11');
drop table t1;
CREATE TABLE t1 (c1 int, c2 varchar(10), c3 date default '2000-01-01');
INSERT INTO t1 values (1, "a", null);
INSERT INTO t1 values (1, "b", default);
INSERT INTO t1 values (2, "b", '2001-01-11');
select c1, c2, c3 from t1;
c1	c2	c3
1	a	NULL
1	b	2000-01-01
2	b	2001-01-11
INSERT INTO t1 values (3, "c", '01:01:10');
INSERT INTO t1 values (3, "c", '2001-01-11');
select c1, c2, c3 from t1;
c1	c2	c3
1	a	NULL
1	b	2000-01-01
2	b	2001-01-11
3	c	2001-01-10
3	c	2001-01-11
create index idx1 on t1(c1);
INSERT INTO t1 values (4, "d", null);
INSERT INTO t1 values (5, "e", default);
INSERT INTO t1 values (5, "e", '2001-01-11');
select c1, c2, c3 from t1;
c1	c2	c3
1	a	NULL
1	b	2000-01-01
2	b	2001-01-11
3	c	2001-01-10
3	c	2001-01-11
4	d	NULL
5	e	2000-01-01
5	e	2001-01-11
create index idx2 on t1(c1, c2, c3);
INSERT INTO t1 values (6, "f", default);
INSERT INTO t1 values (7, "g", '02:02:20');
INSERT INTO t1 values (7, "g", '2001-01-11');
select c1, c2, c3 from t1;
c1	c2	c3
1	a	NULL
1	b	2000-01-01
2	b	2001-01-11
3	c	2001-01-10
3	c	2001-01-11
4	d	NULL
5	e	2000-01-01
5	e	2001-01-11
6	f	2000-01-01
7	g	2001-01-11
7	g	2002-02-20
alter table t1 modify c3 date default '2000-01-01 08:00:00';
Warnings:
Note	1292	Incorrect date value: '2000-01-01 08:00:00' for column 'c3' at row 1
INSERT INTO t1 values (8, "h", default);
INSERT INTO t1 values (9, "i", '09:09:09');
INSERT INTO t1 values (9, "i", '2001-01-11');
select c1, c2, c3 from t1;
c1	c2	c3
1	a	NULL
1	b	2000-01-01
2	b	2001-01-11
3	c	2001-01-10
3	c	2001-01-11
4	d	NULL
5	e	2000-01-01
5	e	2001-01-11
6	f	2000-01-01
7	g	2001-01-11
7	g	2002-02-20
8	h	2000-01-01
9	i	2001-01-11
9	i	2009-09-09
alter table t1 add column c4 date default '2021-03-01' not null;
INSERT INTO t1 values (10, "j", default, default);
INSERT INTO t1 values (11, "k", '11:11:11', '2022-11-11 11:11:11');
Warnings:
Note	1292	Incorrect date value: '2022-11-11 11:11:11' for column 'c4' at row 1
select c1, c2, c3, c4 from t1;
c1	c2	c3	c4
1	a	NULL	2021-03-01
1	b	2000-01-01	2021-03-01
2	b	2001-01-11	2021-03-01
3	c	2001-01-10	2021-03-01
3	c	2001-01-11	2021-03-01
4	d	NULL	2021-03-01
5	e	2000-01-01	2021-03-01
5	e	2001-01-11	2021-03-01
6	f	2000-01-01	2021-03-01
7	g	2002-02-20	2021-03-01
7	g	2001-01-11	2021-03-01
8	h	2000-01-01	2021-03-01
9	i	2009-09-09	2021-03-01
9	i	2001-01-11	2021-03-01
10	j	2000-01-01	2021-03-01
11	k	2011-11-11	2022-11-11
drop table t1;
CREATE TABLE t1 (c1 enum('active','passive') NOT NULL default 'passive');
ALTER TABLE t1 ADD c2 int NOT NULL;
insert into t1 values('active', 1);
insert into t1 values(default, 2);
select c1, hex(c1), length(c1), c2 from t1;
c1	hex(c1)	length(c1)	c2
active	616374697665	6	1
passive	70617373697665	7	2
create index idx1 on t1(c1);
insert into t1 values('passive', 2);
insert into t1 values(default, 3);
select c1, hex(c1), length(c1), c2 from t1;
c1	hex(c1)	length(c1)	c2
active	616374697665	6	1
passive	70617373697665	7	2
passive	70617373697665	7	2
passive	70617373697665	7	3
DROP TABLE t1;
CREATE TABLE t1 (c1 enum('active','passive') NOT NULL default 'passive') charset binary;
ALTER TABLE t1 ADD c2 int NOT NULL;
insert into t1 values('active', 1);
insert into t1 values(default, 2);
select c1, hex(c1), length(c1), c2 from t1;
c1	hex(c1)	length(c1)	c2
active	616374697665	6	1
passive	70617373697665	7	2
create index idx1 on t1(c1);
insert into t1 values('passive', 2);
insert into t1 values(default, 3);
select c1, hex(c1), length(c1), c2 from t1;
c1	hex(c1)	length(c1)	c2
active	616374697665	6	1
passive	70617373697665	7	2
passive	70617373697665	7	2
passive	70617373697665	7	3
DROP TABLE t1;
CREATE TABLE t1 (c1 enum('active','passive') NOT NULL default 'passive') charset ascii;
ALTER TABLE t1 ADD c2 int NOT NULL;
insert into t1 values('active', 1);
insert into t1 values(default, 2);
select c1, hex(c1), length(c1), c2 from t1;
c1	hex(c1)	length(c1)	c2
active	616374697665	6	1
passive	70617373697665	7	2
create index idx1 on t1(c1);
insert into t1 values('passive', 2);
insert into t1 values(default, 3);
select c1, hex(c1), length(c1), c2 from t1;
c1	hex(c1)	length(c1)	c2
active	616374697665	6	1
passive	70617373697665	7	2
passive	70617373697665	7	2
passive	70617373697665	7	3
DROP TABLE t1;
SET NAMES latin1;
CREATE TABLE t1 (`Д` CHAR(128) default 'Д', `Д1` ENUM('Д1','Д2') default 'Д2');
insert into t1 values(default, default);
insert into t1 values('aaa', 'Д1');
select * from t1;
Д	Д1
Д	Д2
aaa	Д1
create index idx1 on t1(`Д`);
insert into t1 values(default, default);
insert into t1 values('bbb', 'Д1');
alter table t1 add column `ä1` ENUM('ä1','ä2') DEFAULT 'ä2';
insert into t1 values(default, default, default);
insert into t1 values('Дccc', 'Д1', 'ä1');
select * from t1;
Д	Д1	ä1
Д	Д2	ä2
aaa	Д1	ä2
Д	Д2	ä2
bbb	Д1	ä2
Д	Д2	ä2
Дccc	Д1	ä1
drop table t1;
SET NAMES default;
create table t1 (ID integer, NAME varchar(19), AGE integer, GRADE real, COUNTRY set('中国','英国','法国') default '法国');
show create table t1;
Table	Create Table
t1	CREATE TABLE `t1` (
  `ID` int DEFAULT NULL,
  `NAME` varchar(19) DEFAULT NULL,
  `AGE` int DEFAULT NULL,
  `GRADE` double DEFAULT NULL,
  `COUNTRY` set('中国','英国','法国') DEFAULT '法国'
) ENGINE=CTC DEFAULT CHARSET=utf8mb4 COLLATE=utf8mb4_0900_ai_ci
insert into t1 values (1, 'a', 27, 8.9, '法国');
insert into t1 values (2, 'b', 23, 7.7, default);
insert into t1 values (2, 'b', 23, 7.7, '');
select * from t1;
ID	NAME	AGE	GRADE	COUNTRY
1	a	27	8.9	法国
2	b	23	7.7	法国
2	b	23	7.7	
create index idx1 on t1(ID);
insert into t1 values (3, 'c', 23, 7.7, default);
insert into t1 values (4, 'd', 35, 8.9, '英国');
alter table t1 add PASSED set('通过','未通过','未参加') default '未参加';
insert into t1 values (5, 'e', 23, 7.7, '中国', default);
insert into t1 values (6, 'f', 23, 7.7, default, '未通过');
insert into t1 values (7, 'g', 33, 8.9, '', '');
select * from t1;
ID	NAME	AGE	GRADE	COUNTRY	PASSED
1	a	27	8.9	法国	未参加
2	b	23	7.7	法国	未参加
2	b	23	7.7		未参加
3	c	23	7.7	法国	未参加
4	d	35	8.9	英国	未参加
5	e	23	7.7	中国	未参加
6	f	23	7.7	法国	未通过
7	g	33	8.9		
drop table t1;
create table t1 (ID integer, NAME varchar(19), AGE integer, GRADE real, COUNTRY set('中国','英国','法国') default '法国') charset binary;
show create table t1;
Table	Create Table
t1	CREATE TABLE `t1` (
  `ID` int DEFAULT NULL,
  `NAME` varbinary(19) DEFAULT NULL,
  `AGE` int DEFAULT NULL,
  `GRADE` double DEFAULT NULL,
  `COUNTRY` set('中国','英国','法国') DEFAULT '法国'
) ENGINE=CTC DEFAULT CHARSET=binary
insert into t1 values (1, 'a', 27, 8.9, '法国');
insert into t1 values (2, 'b', 23, 7.7, default);
insert into t1 values (2, 'b', 23, 7.7, '');
select * from t1;
ID	NAME	AGE	GRADE	COUNTRY
1	a	27	8.9	法国
2	b	23	7.7	法国
2	b	23	7.7	
create index idx1 on t1(ID);
insert into t1 values (3, 'c', 23, 7.7, default);
insert into t1 values (4, 'd', 35, 8.9, '英国');
alter table t1 add PASSED set('通过','未通过','未参加') default '未参加';
insert into t1 values (5, 'e', 23, 7.7, '中国', default);
insert into t1 values (6, 'f', 23, 7.7, default, '未通过');
insert into t1 values (7, 'g', 33, 8.9, '', '');
select * from t1;
ID	NAME	AGE	GRADE	COUNTRY	PASSED
1	a	27	8.9	法国	未参加
2	b	23	7.7	法国	未参加
2	b	23	7.7		未参加
3	c	23	7.7	法国	未参加
4	d	35	8.9	英国	未参加
5	e	23	7.7	中国	未参加
6	f	23	7.7	法国	未通过
7	g	33	8.9		
drop table t1;
create table t1 (c1 integer, c2 set ('A','a','B','b','C','c'));
ERROR HY000: Column 'c2' has duplicated value 'A' in SET
create table t1 (c1 integer, c2 set ('A','a','B','b','C','c')) collate utf8mb4_bin;
insert into t1 values (1, 'a');
select * from t1;
c1	c2
1	a
create index idx1 on t1(c2);
insert into t1 values (2, 'A');
select * from t1;
c1	c2
1	a
2	A
alter table t1 add column c3 set('yes', 'no') default 'yes';
insert into t1 values (3, 'b', default);
select * from t1;
c1	c2	c3
1	a	yes
2	A	yes
3	b	yes
drop table t1;
create table t1 (c1 integer, c2 set ('A','a','B','b','C','c')) charset binary;
insert into t1 values (1, 'a');
select * from t1;
c1	c2
1	a
create index idx1 on t1(c2);
insert into t1 values (2, 'A');
select * from t1;
c1	c2
1	a
2	A
alter table t1 add column c3 set('yes', 'no') default 'yes';
insert into t1 values (3, 'b', default);
select * from t1;
c1	c2	c3
1	a	yes
2	A	yes
3	b	yes
drop table t1;
create table t1 (c1 integer, c2 set ('0','1','2','3','4','5','6','7','8','9','10','11','12','13','14','15','16',
'17','18','19','20','21','22','23','24','25','26','27','28','29','30','31','32','33','34','35','36','37','38','39','40',
'41','42','43','44','45','46','47','48','49','50','51','52','53','54','55','56','57','58','59','60','61','62','63')
DEFAULT '0,1,2,3,4,5,6,7,8,9,10,11,12,13,14,15,16');
insert into t1 values (1, '23');
insert into t1 values (2, default);
insert into t1 values (3, '');
select * from t1;
c1	c2
1	23
2	0,1,2,3,4,5,6,7,8,9,10,11,12,13,14,15,16
3	
create index idx1 on t1(c1);
insert into t1 values (4, '63,12,3,4,5,6,7,8');
insert into t1 values (5, default);
insert into t1 values (6, '');
select * from t1;
c1	c2
1	23
2	0,1,2,3,4,5,6,7,8,9,10,11,12,13,14,15,16
3	
4	3,4,5,6,7,8,12,63
5	0,1,2,3,4,5,6,7,8,9,10,11,12,13,14,15,16
6	
alter table t1 add c3 set('YES','EXIT','NO') default 'YES,NO';
insert into t1 values (7, default, default);
insert into t1 values (8, null, null);
insert into t1 values (9, '', 'YES');
select * from t1;
c1	c2	c3
1	23	YES,NO
2	0,1,2,3,4,5,6,7,8,9,10,11,12,13,14,15,16	YES,NO
3		YES,NO
4	3,4,5,6,7,8,12,63	YES,NO
5	0,1,2,3,4,5,6,7,8,9,10,11,12,13,14,15,16	YES,NO
6		YES,NO
7	0,1,2,3,4,5,6,7,8,9,10,11,12,13,14,15,16	YES,NO
8	NULL	NULL
9		YES
drop table t1;
create table t1 (c1 integer, c2 set ('0','1','2','3','4','5','6','7','8','9','10','11','12','13','14','15','16',
'17','18','19','20','21','22','23','24','25','26','27','28','29','30','31','32','33','34','35','36','37','38','39','40',
'41','42','43','44','45','46','47','48','49','50','51','52','53','54','55','56','57','58','59','60','61','62','63')
DEFAULT '0,1,2,3,4,5,6,7,8,9,10,11,12,13,14,15,16') charset binary;
insert into t1 values (1, '23');
insert into t1 values (2, default);
insert into t1 values (3, '');
select * from t1;
c1	c2
1	23
2	0,1,2,3,4,5,6,7,8,9,10,11,12,13,14,15,16
3	
create index idx1 on t1(c1);
insert into t1 values (4, '63,12,3,4,5,6,7,8');
insert into t1 values (5, default);
insert into t1 values (6, '');
select * from t1;
c1	c2
1	23
2	0,1,2,3,4,5,6,7,8,9,10,11,12,13,14,15,16
3	
4	3,4,5,6,7,8,12,63
5	0,1,2,3,4,5,6,7,8,9,10,11,12,13,14,15,16
6	
alter table t1 add c3 set('YES','EXIT','NO') default 'YES,NO';
insert into t1 values (7, default, default);
insert into t1 values (8, null, null);
insert into t1 values (9, '', 'YES');
select * from t1;
c1	c2	c3
1	23	YES,NO
2	0,1,2,3,4,5,6,7,8,9,10,11,12,13,14,15,16	YES,NO
3		YES,NO
4	3,4,5,6,7,8,12,63	YES,NO
5	0,1,2,3,4,5,6,7,8,9,10,11,12,13,14,15,16	YES,NO
6		YES,NO
7	0,1,2,3,4,5,6,7,8,9,10,11,12,13,14,15,16	YES,NO
8	NULL	NULL
9		YES
drop table t1;
CREATE TABLE t1(c1 decimal(10,5) UNSIGNED NOT NULL default '1.1', c2 decimal(10,5) SIGNED NULL default '1.1', c3 decimal default '1.1');
Warnings:
Warning	1681	UNSIGNED for decimal and floating point data types is deprecated and support for it will be removed in a future release.
Note	1265	Data truncated for column 'c3' at row 1
INSERT INTO t1 VALUES (default, default, default);
INSERT INTO t1 VALUES ('22.22','22.22','2222');
select * from t1;
c1	c2	c3
1.10000	1.10000	1
22.22000	22.22000	2222
create index idx1 on t1(c1);
INSERT INTO t1 VALUES (default, default, default);
INSERT INTO t1 VALUES ('333.333','333.333','333333');
select * from t1;
c1	c2	c3
1.10000	1.10000	1
22.22000	22.22000	2222
1.10000	1.10000	1
333.33300	333.33300	333333
alter table t1 add column c4 decimal(10, 5) default '11.11';
INSERT INTO t1 VALUES (default, default, default, default);
INSERT INTO t1 VALUES ('4444.4444','4444.4444','44444444','4444.4444');
select * from t1;
c1	c2	c3	c4
1.10000	1.10000	1	11.11000
22.22000	22.22000	2222	11.11000
1.10000	1.10000	1	11.11000
333.33300	333.33300	333333	11.11000
1.10000	1.10000	1	11.11000
4444.44440	4444.44440	44444444	4444.44440
create index idx2 on t1(c4);
INSERT INTO t1 VALUES ('55555.55555','55555.55555','5555555555','55555.55555');
select * from t1;
c1	c2	c3	c4
1.10000	1.10000	1	11.11000
22.22000	22.22000	2222	11.11000
1.10000	1.10000	1	11.11000
333.33300	333.33300	333333	11.11000
1.10000	1.10000	1	11.11000
4444.44440	4444.44440	44444444	4444.44440
55555.55555	55555.55555	5555555555	55555.55555
create index idx3 on t1(c1, c2, c3, c4);
INSERT INTO t1 VALUES ('66666.66666','66666.66666','6666666666','66666.66666');
select * from t1;
c1	c2	c3	c4
1.10000	1.10000	1	11.11000
1.10000	1.10000	1	11.11000
1.10000	1.10000	1	11.11000
22.22000	22.22000	2222	11.11000
333.33300	333.33300	333333	11.11000
4444.44440	4444.44440	44444444	4444.44440
55555.55555	55555.55555	5555555555	55555.55555
66666.66666	66666.66666	6666666666	66666.66666
drop table t1;
CREATE TABLE t1(c1 decimal(10,5) UNSIGNED NOT NULL default '1.1', c2 decimal(10,5) SIGNED NULL default '1.1', c3 decimal default '1.1') charset binary;
Warnings:
Warning	1681	UNSIGNED for decimal and floating point data types is deprecated and support for it will be removed in a future release.
Note	1265	Data truncated for column 'c3' at row 1
INSERT INTO t1 VALUES (default, default, default);
INSERT INTO t1 VALUES ('22.22','22.22','2222');
select * from t1;
c1	c2	c3
1.10000	1.10000	1
22.22000	22.22000	2222
create index idx1 on t1(c1);
INSERT INTO t1 VALUES (default, default, default);
INSERT INTO t1 VALUES ('333.333','333.333','333333');
select * from t1;
c1	c2	c3
1.10000	1.10000	1
22.22000	22.22000	2222
1.10000	1.10000	1
333.33300	333.33300	333333
alter table t1 add column c4 decimal(10, 5) default '11.11';
INSERT INTO t1 VALUES (default, default, default, default);
INSERT INTO t1 VALUES ('4444.4444','4444.4444','44444444','4444.4444');
select * from t1;
c1	c2	c3	c4
1.10000	1.10000	1	11.11000
22.22000	22.22000	2222	11.11000
1.10000	1.10000	1	11.11000
333.33300	333.33300	333333	11.11000
1.10000	1.10000	1	11.11000
4444.44440	4444.44440	44444444	4444.44440
create index idx2 on t1(c4);
INSERT INTO t1 VALUES ('55555.55555','55555.55555','5555555555','55555.55555');
select * from t1;
c1	c2	c3	c4
1.10000	1.10000	1	11.11000
22.22000	22.22000	2222	11.11000
1.10000	1.10000	1	11.11000
333.33300	333.33300	333333	11.11000
1.10000	1.10000	1	11.11000
4444.44440	4444.44440	44444444	4444.44440
55555.55555	55555.55555	5555555555	55555.55555
create index idx3 on t1(c1, c2, c3, c4);
INSERT INTO t1 VALUES ('66666.66666','66666.66666','6666666666','66666.66666');
select * from t1;
c1	c2	c3	c4
1.10000	1.10000	1	11.11000
1.10000	1.10000	1	11.11000
1.10000	1.10000	1	11.11000
22.22000	22.22000	2222	11.11000
333.33300	333.33300	333333	11.11000
4444.44440	4444.44440	44444444	4444.44440
55555.55555	55555.55555	5555555555	55555.55555
66666.66666	66666.66666	6666666666	66666.66666
drop table t1;
CREATE TABLE t1(c1 decimal(10,5) UNSIGNED NOT NULL default '1.1', c2 decimal(10,5) SIGNED NULL default '1.1', c3 decimal default '1.1');
Warnings:
Warning	1681	UNSIGNED for decimal and floating point data types is deprecated and support for it will be removed in a future release.
Note	1265	Data truncated for column 'c3' at row 1
INSERT INTO t1 VALUES (default, default, default);
INSERT INTO t1 VALUES ('22.22','22.22','2222');
select * from t1;
c1	c2	c3
1.10000	1.10000	1
22.22000	22.22000	2222
create index idx1 on t1(c1);
INSERT INTO t1 VALUES (default, default, default);
INSERT INTO t1 VALUES ('333.333','333.333','333333');
select * from t1;
c1	c2	c3
1.10000	1.10000	1
22.22000	22.22000	2222
1.10000	1.10000	1
333.33300	333.33300	333333
alter table t1 add column c4 decimal(10, 5) default '11.11';
INSERT INTO t1 VALUES (default, default, default, default);
INSERT INTO t1 VALUES ('4444.4444','4444.4444','44444444','4444.4444');
select * from t1;
c1	c2	c3	c4
1.10000	1.10000	1	11.11000
22.22000	22.22000	2222	11.11000
1.10000	1.10000	1	11.11000
333.33300	333.33300	333333	11.11000
1.10000	1.10000	1	11.11000
4444.44440	4444.44440	44444444	4444.44440
create index idx2 on t1(c4);
INSERT INTO t1 VALUES ('55555.55555','55555.55555','5555555555','55555.55555');
select * from t1;
c1	c2	c3	c4
1.10000	1.10000	1	11.11000
22.22000	22.22000	2222	11.11000
1.10000	1.10000	1	11.11000
333.33300	333.33300	333333	11.11000
1.10000	1.10000	1	11.11000
4444.44440	4444.44440	44444444	4444.44440
55555.55555	55555.55555	5555555555	55555.55555
create index idx3 on t1(c1, c2, c3, c4);
INSERT INTO t1 VALUES ('66666.66666','66666.66666','6666666666','66666.66666');
select * from t1;
c1	c2	c3	c4
1.10000	1.10000	1	11.11000
1.10000	1.10000	1	11.11000
1.10000	1.10000	1	11.11000
22.22000	22.22000	2222	11.11000
333.33300	333.33300	333333	11.11000
4444.44440	4444.44440	44444444	4444.44440
55555.55555	55555.55555	5555555555	55555.55555
66666.66666	66666.66666	6666666666	66666.66666
drop table t1;
