drop table if exists t1;
######## test case 1, test create index will open new dc
create table t1(a int not null, b int, c int, primary key(a)) ENGINE=CTC;
insert into t1 values(1,1,1),(2,2,2),(3,3,3);
commit;
begin;
explain select * from t1 where b > 2;
id	select_type	table	partitions	type	possible_keys	key	key_len	ref	rows	filtered	Extra
1	SIMPLE	t1	NULL	ALL	NULL	NULL	NULL	NULL	3	33.33	Using where; Using pushed condition (`test`.`t1`.`b` > 2)
create index b_index ON t1 (b);
explain select * from t1 where b > 2;
id	select_type	table	partitions	type	possible_keys	key	key_len	ref	rows	filtered	Extra
1	SIMPLE	t1	NULL	ALL	NULL	NULL	NULL	NULL	3	33.33	Using where; Using pushed condition (`test`.`t1`.`b` > 2)
commit;
explain select * from t1 where b > 2;
id	select_type	table	partitions	type	possible_keys	key	key_len	ref	rows	filtered	Extra
1	SIMPLE	t1	NULL	range	b_index	b_index	5	NULL	1	100.00	Using where; Using pushed condition (`test`.`t1`.`b` > 2)
DROP INDEX b_index ON t1;
drop table t1;
######## test case 2, test add index will open new dc
create table t1(a int not null, b int, c int, primary key(a)) ENGINE=CTC;
insert into t1 values(1,1,1),(2,2,2),(3,3,3);
commit;
begin;
explain select * from t1 where b > 2;
id	select_type	table	partitions	type	possible_keys	key	key_len	ref	rows	filtered	Extra
1	SIMPLE	t1	NULL	ALL	NULL	NULL	NULL	NULL	3	33.33	Using where; Using pushed condition (`test`.`t1`.`b` > 2)
ALTER TABLE t1 ADD INDEX b_index (b);
explain select * from t1 where b > 2;
id	select_type	table	partitions	type	possible_keys	key	key_len	ref	rows	filtered	Extra
1	SIMPLE	t1	NULL	ALL	NULL	NULL	NULL	NULL	3	33.33	Using where; Using pushed condition (`test`.`t1`.`b` > 2)
commit;
explain select * from t1 where b > 2;
id	select_type	table	partitions	type	possible_keys	key	key_len	ref	rows	filtered	Extra
1	SIMPLE	t1	NULL	range	b_index	b_index	5	NULL	1	100.00	Using where; Using pushed condition (`test`.`t1`.`b` > 2)
DROP INDEX b_index ON t1;
drop table t1;
######## test case 3, test drop index will open new dc
create table t1(a int not null, b int, c int, primary key(a)) ENGINE=CTC;
ALTER TABLE t1 ADD INDEX b_index (b);
insert into t1 values(1,1,1),(2,2,2),(3,3,3);
commit;
begin;
explain select * from t1 where b > 2;
id	select_type	table	partitions	type	possible_keys	key	key_len	ref	rows	filtered	Extra
1	SIMPLE	t1	NULL	range	b_index	b_index	5	NULL	1	100.00	Using where; Using pushed condition (`test`.`t1`.`b` > 2)
DROP INDEX b_index ON t1;
explain select * from t1 where b > 2;
id	select_type	table	partitions	type	possible_keys	key	key_len	ref	rows	filtered	Extra
1	SIMPLE	t1	NULL	range	b_index	b_index	5	NULL	1	100.00	Using where; Using pushed condition (`test`.`t1`.`b` > 2)
commit;
explain select * from t1 where b > 2;
id	select_type	table	partitions	type	possible_keys	key	key_len	ref	rows	filtered	Extra
1	SIMPLE	t1	NULL	ALL	NULL	NULL	NULL	NULL	3	33.33	Using where; Using pushed condition (`test`.`t1`.`b` > 2)
drop table t1;
######## test case 4, test add column will open new dc
create table t1(a int not null, b int, c int, primary key(a)) ENGINE=CTC;
insert into t1 values(1,1,1),(2,2,2),(3,3,3);
commit;
begin;
select * from t1;
a	b	c
1	1	1
2	2	2
3	3	3
ALTER TABLE t1 ADD COLUMN test INT default 0;
select * from t1;
a	b	c
1	1	1
2	2	2
3	3	3
commit;
select * from t1;
a	b	c	test
1	1	1	0
2	2	2	0
3	3	3	0
drop table t1;
######## test case 5, test renaming column will open new dc
create table t1(a int not null, b int, c int, primary key(a)) ENGINE=CTC;
insert into t1 values(1,1,1),(2,2,2),(3,3,3);
commit;
begin;
select * from t1;
a	b	c
1	1	1
2	2	2
3	3	3
ALTER TABLE t1 RENAME COLUMN c TO c_new;
select * from t1;
a	b	c
1	1	1
2	2	2
3	3	3
commit;
select * from t1;
a	b	c_new
1	1	1
2	2	2
3	3	3
drop table t1;
######## test case 6, test changing the column data type will open new dc
create table t1(a int not null, b int, c int, primary key(a)) ENGINE=CTC;
insert into t1(a, b) values(1,1),(2,2),(3,3);
commit;
begin;
select * from t1;
a	b	c
1	1	NULL
2	2	NULL
3	3	NULL
ALTER TABLE t1 MODIFY c FLOAT;
select * from t1;
a	b	c
1	1	NULL
2	2	NULL
3	3	NULL
commit;
select * from t1;
a	b	c
1	1	NULL
2	2	NULL
3	3	NULL
desc t1;
Field	Type	Null	Key	Default	Extra
a	int	NO	PRI	NULL	
b	int	YES		NULL	
c	float	YES		NULL	
drop table t1;
